datetime,y_true,y_pred,lower,upper
2017-01-01 00:00:00,485.0,460.79648385359326,422.89501494220843,498.6979527649781
2017-01-01 01:00:00,477.0,442.7902042332561,383.069985236518,502.51042322999416
2017-01-01 02:00:00,454.0,425.68561420251365,351.18525629123224,500.18597211379506
2017-01-01 03:00:00,418.0,409.84247534034716,324.42576206444454,495.2591886162498
2017-01-01 04:00:00,438.0,394.729759938694,300.47229142889387,488.9872284484941
2017-01-01 05:00:00,453.0,380.3137929514467,278.6779943053388,481.9495915975546
2017-01-01 06:00:00,433.0,366.5624518685154,258.6504494509898,474.47445428604095
2017-01-01 07:00:00,416.0,353.44509513855076,240.12390070060943,466.7662895764921
2017-01-01 08:00:00,421.0,340.9324938916279,222.90458954503833,458.9603982382175
2017-01-01 09:00:00,424.0,328.99676680974983,206.84362398067304,451.1499096388266
2017-01-01 10:00:00,413.0,317.6113180000458,191.82204422376273,443.40059177632884
2017-01-01 11:00:00,425.0,306.7507777322306,177.74194268191096,435.7596127825502
2017-01-01 12:00:00,381.0,296.39094590827074,164.52085661048713,428.2610352060543
2017-01-01 13:00:00,466.0,286.50873813829577,152.08805167329808,420.92942460329346
2017-01-01 14:00:00,542.0,277.082134302595,140.38195827065,413.78231033454006
2017-01-01 15:00:00,568.0,268.0901294850852,129.34834247787057,406.8319164922998
2017-01-01 16:00:00,568.0,259.51268716891417,118.93896291460547,400.0864114232229
2017-01-01 17:00:00,543.0,251.33069458990929,109.11055947439755,393.55082970542105
2017-01-01 18:00:00,522.0,243.52592014838612,99.82407505748449,387.22776523928775
2017-01-01 19:00:00,487.0,236.08097278441994,91.04404492234875,381.11790064649114
2017-01-01 20:00:00,475.0,228.9792632260576,82.738109245419,375.2204172066962
2017-01-01 21:00:00,459.0,222.2049670241209,74.8766180065602,369.5333160416816
2017-01-01 22:00:00,453.0,215.74298929123304,67.43230627010107,364.05367231236505
2017-01-01 23:00:00,417.0,209.57893106649817,60.38002399185547,358.7778381411409
2017-01-02 00:00:00,395.0,203.69905723088505,53.69650867072602,353.7016057910441
2017-01-02 01:00:00,420.0,198.09026590182282,47.36019211167425,348.8203396919714
2017-01-02 02:00:00,453.0,192.74005923881143,41.351034677384064,344.1290838002388
2017-01-02 03:00:00,429.0,187.63651559499442,35.650381940213094,339.62264924977575
2017-01-02 04:00:00,211.0,182.76826295264047,30.240839777195788,335.29568612808515
2017-01-02 05:00:00,116.0,178.124453583341,25.106164795735992,331.142742370946
2017-01-02 06:00:00,51.0,173.69473987646023,20.231167616303225,327.15831213661727
2017-01-02 07:00:00,38.0,169.46925128197748,15.601627026669973,323.336875537285
2017-01-02 08:00:00,21.0,165.4385723163437,11.204213399349783,319.67293123333764
2017-01-02 09:00:00,16.0,161.59372158234441,7.026420058059244,316.1610231066296
2017-01-02 10:00:00,23.0,157.92613175621932,3.056501510588703,312.79576200184994
2017-01-02 11:00:00,18.0,154.4276304974449,-0.7165823506645381,309.5718433455544
2017-01-02 12:00:00,58.0,151.09042223864202,-4.303216832054261,306.4840613093383
2017-01-02 13:00:00,176.0,147.90707081503163,-7.713178438738936,303.52732006880217
2017-01-02 14:00:00,109.0,144.87048289473282,-10.955676827725767,300.6966426171914
2017-01-02 15:00:00,267.0,141.97389217298118,-14.039393171214556,297.9871775171769
2017-01-02 16:00:00,260.0,139.2108442950485,-16.97251532247239,295.3942039125694
2017-01-02 17:00:00,212.0,136.57518247426788,-19.762770122509068,292.91313507104485
2017-01-02 18:00:00,183.0,134.0610337731175,-22.417453140803218,290.5395206870382
2017-01-02 19:00:00,136.0,131.66279601679412,-24.9434561055497,288.2690481391379
2017-01-02 20:00:00,137.0,129.37512531011583,-27.347292247018515,286.0975428672502
2017-01-02 21:00:00,125.0,127.19292412993883,-29.635119750564996,284.02096801044263
2017-01-02 22:00:00,153.0,125.11132996655492,-31.812763492762755,282.0354234258726
2017-01-02 23:00:00,165.0,123.12570448875981,-33.88573521436108,280.1371441918807
2017-01-03 00:00:00,225.0,121.23162320844932,-35.859252266743255,278.3224986836419
2017-01-03 01:00:00,275.0,119.42486562171331,-37.73825505383803,276.58798629726465
2017-01-03 02:00:00,293.0,117.70140580445931,-39.52742327864206,274.9302348875607
2017-01-03 03:00:00,293.0,116.0574034416104,-41.231191092353896,273.34599797557473
2017-01-03 04:00:00,287.0,114.48919526988809,-42.85376123434659,271.83215177412274
2017-01-03 05:00:00,305.0,112.9932869151124,-44.39911824261608,270.3856920728409
2017-01-03 06:00:00,304.0,111.56634510583075,-45.87104080676593,269.0037310184274
2017-01-03 07:00:00,266.0,110.20519024592537,-47.27311332888121,267.68349382073194
2017-01-03 08:00:00,240.0,108.90678932964923,-48.6087367516902,266.42231541098863
2017-01-03 09:00:00,237.0,107.66824918330326,-49.88113870810818,265.21763707471473
2017-01-03 10:00:00,232.0,106.48681001849567,-51.093383041521605,264.0670030785129
2017-01-03 11:00:00,155.0,105.35983928261825,-52.24837874192849,262.968057307165
2017-01-03 12:00:00,167.0,104.28482579283695,-53.348888339241796,261.9185399249157
2017-01-03 13:00:00,170.0,103.25937414052586,-54.397535791636216,260.916284072688
2017-01-03 14:00:00,179.0,102.281199353676,-55.39681390372566,259.95921261107765
2017-01-03 15:00:00,244.0,101.34812180538559,-56.349091306565,259.04533491733616
2017-01-03 16:00:00,296.0,100.45806235708653,-57.25661902893762,258.1727437431107
2017-01-03 17:00:00,295.0,99.60903772568487,-58.121536687094206,257.33961213846396
2017-01-03 18:00:00,328.0,98.79915606429216,-58.94587831801908,256.5441904466034
2017-01-03 19:00:00,397.0,98.02661274670034,-59.731577879399836,255.78480337280052
2017-01-03 20:00:00,437.0,97.28968634620688,-60.48047443774112,255.05984713015488
2017-01-03 21:00:00,464.0,96.58673479983008,-61.194317064480146,254.3677866641403
2017-01-03 22:00:00,483.0,95.91619174936717,-61.874769458511864,253.7071529572462
2017-01-03 23:00:00,447.0,95.27656305114238,-62.523414312205404,253.07654041449015
2017-01-04 00:00:00,440.0,94.66642344666758,-63.141757436775436,252.4746043301106
2017-01-04 01:00:00,463.0,94.08441338679717,-63.73123166175526,251.9000584353496
2017-01-04 02:00:00,467.0,93.52923600230015,-64.29320052229095,251.35167252689126
2017-01-04 03:00:00,463.0,92.99965421409948,-64.82896174703026,250.82827017522922
2017-01-04 04:00:00,473.0,92.49448797673932,-65.3397505585088,250.32872651198744
2017-01-04 05:00:00,488.0,92.01261164893793,-65.82674279713322,249.8519660950091
2017-01-04 06:00:00,500.0,91.55295148536727,-66.29105787911924,249.39696084985377
2017-01-04 07:00:00,392.0,91.11448324407012,-66.73376159805757,248.96272808619779
2017-01-04 08:00:00,338.0,90.69622990418358,-67.15586877914654,248.5483285875137
2017-01-04 09:00:00,338.0,90.29725948888345,-67.55834579454496,248.1528647723119
2017-01-04 10:00:00,441.0,89.91668298869833,-67.9421129477537,247.77547892515037
2017-01-04 11:00:00,333.0,89.55365238056615,-68.30804673443305,247.41535149556535
2017-01-04 12:00:00,167.0,89.20735873821903,-68.65698198659317,247.07169946303122
2017-01-04 13:00:00,216.0,88.87703042968596,-68.98971390666225,246.74377476603416
2017-01-04 14:00:00,291.0,88.56193139789681,-69.30699999753432,246.43086279332795
2017-01-04 15:00:00,325.0,88.26135952055643,-69.60956189432139,246.13228093543424
2017-01-04 16:00:00,367.0,87.9746450456342,-69.8980871031875,245.84737719445593
2017-01-04 17:00:00,322.0,87.70114909898304,-70.17323065231675,245.5755288502828
2017-01-04 18:00:00,298.0,87.44026226076217,-70.43561665976337,245.31614118128772
2017-01-04 19:00:00,304.0,87.19140320749185,-70.68583982265085,245.06864623763454
2017-01-04 20:00:00,346.0,86.95401741671395,-70.92446683192219,244.8325016653501
2017-01-04 21:00:00,356.0,86.72757593137233,-71.15203771659834,244.60718957934301
2017-01-04 22:00:00,380.0,86.51157418115932,-71.36906712127052,244.39221548358915
2017-01-04 23:00:00,328.0,86.30553085820245,-71.57604552033831,244.1871072367432
2017-01-05 00:00:00,203.0,86.10898684458564,-71.77344037230361,243.9914140614749
2017-01-05 01:00:00,168.0,85.92150418931573,-71.96169721724183,243.8047055958733
2017-01-05 02:00:00,159.0,85.74266513245391,-72.14124072039647,243.62657098530428
2017-01-05 03:00:00,168.0,85.57207117423853,-72.3124756646766,243.45661801315367
2017-01-05 04:00:00,175.0,85.4093421871243,-72.47578789468248,243.2944722689311
2017-01-05 05:00:00,256.0,85.25411556875959,-72.63154521473983,243.139776352259
2017-01-05 06:00:00,336.0,85.10604543401445,-72.78009824328467,242.99218911131356
2017-01-05 07:00:00,284.0,84.96480184425893,-72.92178122581471,242.85138491433258
2017-01-05 08:00:00,275.0,84.83007007217425,-73.05691280850213,242.71705295285062
2017-01-05 09:00:00,271.0,84.70154990045889,-73.18579677444815,242.58889657536594
2017-01-05 10:00:00,276.0,84.57895495286652,-73.308722744455,242.46663265018805
2017-01-05 11:00:00,267.0,84.46201205608561,-73.4259668440901,242.3499909562613
2017-01-05 12:00:00,249.0,84.35046063103843,-73.53779233872223,242.2387136007991
2017-01-05 13:00:00,239.0,84.24405211224342,-73.64445023812132,242.13255446260817
2017-01-05 14:00:00,223.0,84.14254939394684,-73.74617987212974,242.03127866002342
2017-01-05 15:00:00,206.0,84.04572630178964,-73.84320943883404,241.93466204241332
2017-01-05 16:00:00,162.0,83.95336708883255,-73.93575652659067,241.84249070425577
2017-01-05 17:00:00,184.0,83.86526595481583,-74.0240286111907,241.75456052082234
2017-01-05 18:00:00,183.0,83.78122658758303,-74.10822352938084,241.6706767045469
2017-01-05 19:00:00,191.0,83.70106172564668,-74.18852992989589,241.59065338118927
2017-01-05 20:00:00,219.0,83.62459274092106,-74.2651277030989,241.51431318494102
2017-01-05 21:00:00,199.0,83.55164924069261,-74.33818839026917,241.44148687165438
2017-01-05 22:00:00,180.0,83.48206868794082,-74.4078755735253,241.37201294940695
2017-01-05 23:00:00,184.0,83.41569603916359,-74.47434524732087,241.30573732564807
2017-01-06 00:00:00,184.0,83.35238339890013,-74.53774617240295,241.24251297020322
2017-01-06 01:00:00,184.0,83.29198969018161,-74.59822021307856,241.1821995934418
2017-01-06 02:00:00,176.0,83.23438034017504,-74.65590265859284,241.12466333894292
2017-01-06 03:00:00,159.0,83.17942698032014,-74.71092252938153,241.0697764900218
2017-01-06 04:00:00,158.0,83.127007160291,-74.76340286892317,241.01741718950518
2017-01-06 05:00:00,171.0,83.0770040751449,-74.81346102188014,240.96746917216996
2017-01-06 06:00:00,169.0,83.02930630505072,-74.8612088991839,240.91982150928533
2017-01-06 07:00:00,177.0,82.98380756701667,-74.90675323068695,240.87436836472028
2017-01-06 08:00:00,170.0,82.94040647806422,-74.95019580597413,240.83100876210256
2017-01-06 09:00:00,175.0,82.89900632932056,-74.99163370389662,240.78964636253772
2017-01-06 10:00:00,211.0,82.85951487052617,-75.03115951136377,240.7501892524161
2017-01-06 11:00:00,216.0,82.82184410447734,-75.06886153190281,240.71254974085747
2017-01-06 12:00:00,193.0,82.7859100909456,-75.1048239844717,240.6766441663629
2017-01-06 13:00:00,188.0,82.75163275963716,-75.13912719298499,240.64239271225932
2017-01-06 14:00:00,200.0,82.71893573177547,-75.17184776699344,240.60971923054439
2017-01-06 15:00:00,214.0,82.68774614990963,-75.20305877393349,240.57855107375275
2017-01-06 16:00:00,215.0,82.65799451556899,-75.2328299033455,240.54881893448348
2017-01-06 17:00:00,221.0,82.62961453440263,-75.26122762343812,240.52045669224339
2017-01-06 18:00:00,211.0,82.60254296845838,-75.28831533035986,240.49340126727662
2017-01-06 19:00:00,217.0,82.57671949527216,-75.31415349052054,240.46759248106486
2017-01-06 20:00:00,220.0,82.55208657345402,-75.33879977628898,240.44297292319703
2017-01-06 21:00:00,235.0,82.52858931447098,-75.36230919537819,240.41948782432013
2017-01-06 22:00:00,239.0,82.5061753603411,-75.38473421421423,240.39708493489644
2017-01-06 23:00:00,235.0,82.48479476696644,-75.40612487557033,240.37571440950322
2017-01-07 00:00:00,241.0,82.46439989284454,-75.42652891073544,240.35532869642452
2017-01-07 01:00:00,239.0,82.44494529291087,-75.44599184647238,240.3358824322941
2017-01-07 02:00:00,224.0,82.42638761727548,-75.46455710700997,240.31733234156093
2017-01-07 03:00:00,208.0,82.40868551462816,-75.4822661113007,240.29963714055702
2017-01-07 04:00:00,206.0,82.39179954009703,-75.49915836576537,240.28275744595942
2017-01-07 05:00:00,200.0,82.37569206735512,-75.5152715527355,240.26665568744573
2017-01-07 06:00:00,181.0,82.3603272047792,-75.5306416147939,240.25129602435229
2017-01-07 07:00:00,173.0,82.34567071547391,-75.5453028352049,240.23664426615272
2017-01-07 08:00:00,166.0,82.33168994098314,-75.55928791461672,240.22266779658298
2017-01-07 09:00:00,154.0,82.31835372851843,-75.57262804420911,240.20933550124596
2017-01-07 10:00:00,142.0,82.30563236154256,-75.58535297545231,240.19661769853744
2017-01-07 11:00:00,167.0,82.29349749355342,-75.59749108663459,240.18448607374143
2017-01-07 12:00:00,196.0,82.28192208492055,-75.6090694463092,240.1729136161503
2017-01-07 13:00:00,184.0,82.270880342634,-75.62011387380355,240.16187455907155
2017-01-07 14:00:00,156.0,82.26034766283064,-75.63064899692742,240.1513443225887
2017-01-07 15:00:00,115.0,82.25030057597054,-75.64069830701028,240.14129945895138
2017-01-07 16:00:00,99.0,82.24071669454065,-75.65028421139195,240.13171760047325
2017-01-07 17:00:00,95.0,82.23157466316965,-75.65942808348441,240.12257740982372
2017-01-07 18:00:00,102.0,82.22285411104264,-75.66815031051812,240.1138585326034
2017-01-07 19:00:00,96.0,82.2145356065097,-75.67647033907984,240.10554155209923
2017-01-07 20:00:00,100.0,82.20660061378716,-75.68440671854451,240.09760794611884
2017-01-07 21:00:00,111.0,82.199031451655,-75.69197714249913,240.09004004580913
2017-01-07 22:00:00,93.0,82.19181125405858,-75.6991984882513,240.08282099636847
2017-01-07 23:00:00,78.0,82.18492393252669,-75.70608685451148,240.07593471956486
2017-01-08 00:00:00,66.0,82.17835414032218,-75.71265759733366,240.06936587797804
2017-01-08 01:00:00,66.0,82.17208723824564,-75.71892536439498,240.06309984088625
2017-01-08 02:00:00,22.0,82.16610926201523,-75.7249041276911,240.05712265172156
2017-01-08 03:00:00,23.0,82.16040689115086,-75.73060721472122,240.05142099702294
2017-01-08 04:00:00,19.0,82.15496741929255,-75.73604733823205,240.04598217681715
2017-01-08 05:00:00,24.0,82.14977872588746,-75.74123662458796,240.0407940763629
2017-01-08 06:00:00,16.0,82.14482924918214,-75.7461866408302,240.03584513919446
2017-01-08 07:00:00,15.0,82.14010796045991,-75.75090842048712,240.03112434140695
2017-01-08 08:00:00,18.0,82.13560433946607,-75.75541248819162,240.02662116712378
2017-01-08 09:00:00,20.0,82.131308350966,-75.75970888316199,240.022325585094
2017-01-08 10:00:00,15.0,82.1272104223841,-75.7638071815988,240.018228026367
2017-01-08 11:00:00,22.0,82.12330142247357,-75.76771651804721,240.01431936299434
2017-01-08 12:00:00,18.0,82.11957264096968,-75.77144560577317,240.0105908877125
2017-01-08 13:00:00,28.0,82.11601576918099,-75.775002756199,240.00703429456098
2017-01-08 14:00:00,22.0,82.11262288147545,-75.77839589744171,240.0036416603926
2017-01-08 15:00:00,17.0,82.10938641762003,-75.78163259199526,240.0004054272353
2017-01-08 16:00:00,14.0,82.1062991659346,-75.78472005359724,239.99731838546643
2017-01-08 17:00:00,13.0,82.10335424722241,-75.78766516331642,239.99437365776123
2017-01-08 18:00:00,14.0,82.10054509944143,-75.7904744848982,239.99156468378106
2017-01-08 19:00:00,15.0,82.09786546308247,-75.79315427940175,239.9888852055667
2017-01-08 20:00:00,21.0,82.09530936722133,-75.7957105191616,239.98632925360425
2017-01-08 21:00:00,15.0,82.0928711162141,-75.79814890110492,239.98389113353312
2017-01-08 22:00:00,13.0,82.09054527700566,-75.80047485945455,239.9815654134659
2017-01-08 23:00:00,10.0,82.08832666702358,-75.80269357784545,239.9793469118926
2017-01-09 00:00:00,10.0,82.08621034262991,-75.80481000088228,239.9772306861421
2017-01-09 01:00:00,8.0,82.08419158810547,-75.80682884516402,239.97521202137494
2017-01-09 02:00:00,9.0,82.08226590514208,-75.80875460979921,239.97328642008335
2017-01-09 03:00:00,11.0,82.08042900281907,-75.81059158643691,239.97144959207506
2017-01-09 04:00:00,6.0,82.07867678804209,-75.81234386883423,239.9696974449184
2017-01-09 05:00:00,6.0,82.07700535642253,-75.81401536198278,239.96802607482783
2017-01-09 06:00:00,10.0,82.07541098357764,-75.81560979081407,239.96643175796936
2017-01-09 07:00:00,11.0,82.07389011683156,-75.81713070850319,239.9649109421663
2017-01-09 08:00:00,9.0,82.07243936729908,-75.81858150438971,239.96346023898786
2017-01-09 09:00:00,16.0,82.0710555023343,-75.81996541153288,239.96207641620148
2017-01-09 10:00:00,13.0,82.06973543832748,-75.82128551391861,239.96075639057358
2017-01-09 11:00:00,12.0,82.06847623383395,-75.82254475333382,239.9594972210017
2017-01-09 12:00:00,17.0,82.06727508301977,-75.82374593592387,239.9582961019634
2017-01-09 13:00:00,7.0,82.06612930940969,-75.82489173844743,239.9571503572668
2017-01-09 14:00:00,15.0,82.0650363599232,-75.82598471424285,239.95605743408925
2017-01-09 15:00:00,17.0,82.06399379918562,-75.82702729891938,239.95501489729062
2017-01-09 16:00:00,34.0,82.06299930410147,-75.82802181578602,239.95402042398894
2017-01-09 17:00:00,37.0,82.06205065867799,-75.82897048102983,239.9530717983858
2017-01-09 18:00:00,50.0,82.06114574908734,-75.82987540865533,239.95216690683003
2017-01-09 19:00:00,62.0,82.0602825589565,-75.83073861519644,239.95130373310946
2017-01-09 20:00:00,87.0,82.05945916487414,-75.8315620242108,239.95048035395908
2017-01-09 21:00:00,114.0,82.0586737321049,-75.83234747056696,239.94969493477674
2017-01-09 22:00:00,127.0,82.05792451050102,-75.83309670453382,239.94894572553585
2017-01-09 23:00:00,120.0,82.05720983060263,-75.8338113956815,239.94823105688675
2017-01-10 00:00:00,51.0,82.05652809991773,-75.83449313660236,239.94754933643782
2017-01-10 01:00:00,70.0,82.05587779937368,-75.8351434464603,239.94689904520766
2017-01-10 02:00:00,19.0,82.05525747993234,-75.83576377437653,239.94627873424122
2017-01-10 03:00:00,7.0,82.05466575936128,-75.83635550265902,239.9456870213816
2017-01-10 04:00:00,5.0,82.05410131915373,-75.83691994988335,239.94512258819083
2017-01-10 05:00:00,10.0,82.05356290159062,-75.83745837383117,239.94458417701242
2017-01-10 06:00:00,10.0,82.05304930693812,-75.83797197429324,239.9440705881695
2017-01-10 07:00:00,11.0,82.05255939077425,-75.83846189574338,239.9435806772919
2017-01-10 08:00:00,8.0,82.05209206143884,-75.83892922988882,239.9431133527665
2017-01-10 09:00:00,3.0,82.05164627760104,-75.83937501810334,239.9426675733054
2017-01-10 10:00:00,6.0,82.05122104593893,-75.83980025374795,239.9422423456258
2017-01-10 11:00:00,3.0,82.05081541892618,-75.84020588438445,239.94183672223681
2017-01-10 12:00:00,3.0,82.05042849272068,-75.84059281388723,239.9414497993286
2017-01-10 13:00:00,3.0,82.05005940515062,-75.84096190445754,239.94108071475878
2017-01-10 14:00:00,3.0,82.04970733379321,-75.84131397854497,239.9407286461314
2017-01-10 15:00:00,3.0,82.04937149414225,-75.84164982068002,239.94039280896453
2017-01-10 16:00:00,5.0,82.04905113785996,-75.84197017922263,239.94007245494254
2017-01-10 17:00:00,7.0,82.04874555110955,-75.84227576802972,239.93976687024883
2017-01-10 18:00:00,8.0,82.04845405296453,-75.84256726804617,239.93947537397523
2017-01-10 19:00:00,13.0,82.04817599389152,-75.84284532882207,239.9391973166051
2017-01-10 20:00:00,81.0,82.04791075430283,-75.84311056996019,239.93893207856587
2017-01-10 21:00:00,91.0,82.04765774317593,-75.84336358249698,239.93867906884884
2017-01-10 22:00:00,84.0,82.04741639673647,-75.84360493021931,239.93843772369223
2017-01-10 23:00:00,87.0,82.04718617720204,-75.84383515092108,239.93820750532515
2017-01-11 00:00:00,91.0,82.04696657158385,-75.84405475760138,239.9379879007691
2017-01-11 01:00:00,94.0,82.04675709054371,-75.84426423960804,239.93777842069545
2017-01-11 02:00:00,97.0,82.04655726730353,-75.84446406372764,239.9375785983347
2017-01-11 03:00:00,112.0,82.04636665660539,-75.84465467522594,239.9373879884367
2017-01-11 04:00:00,98.0,82.04618483371924,-75.84483649884022,239.9372061662787
2017-01-11 05:00:00,68.0,82.04601139349657,-75.84500993972543,239.93703272671857
2017-01-11 06:00:00,60.0,82.04584594946765,-75.8451753843572,239.9368672832925
2017-01-11 07:00:00,33.0,82.04568813298027,-75.84533320139312,239.93670946735367
2017-01-11 08:00:00,28.0,82.04553759237844,-75.84548374249407,239.93655892725093
2017-01-11 09:00:00,20.0,82.04539399221866,-75.84562734310799,239.93641532754532
2017-01-11 10:00:00,32.0,82.04525701252258,-75.84576432321732,239.93627834826248
2017-01-11 11:00:00,3.0,82.04512634806393,-75.84589498805202,239.9361476841799
2017-01-11 12:00:00,3.0,82.04500170768844,-75.84601962876965,239.93602304414654
2017-01-11 13:00:00,39.0,82.04488281366507,-75.84613852310436,239.9359041504345
2017-01-11 14:00:00,37.0,82.0447694010671,-75.8462519359856,239.9357907381198
2017-01-11 15:00:00,46.0,82.0446612171819,-75.8463601201286,239.9356825544924
2017-01-11 16:00:00,50.0,82.04455802094772,-75.84646331659731,239.93557935849276
2017-01-11 17:00:00,66.0,82.04445958241661,-75.84656175534184,239.93548092017505
2017-01-11 18:00:00,58.0,82.04436568224202,-75.8466556557106,239.93538702019464
2017-01-11 19:00:00,38.0,82.04427611119003,-75.84674522693932,239.93529744931936
2017-01-11 20:00:00,36.0,82.04419066967313,-75.846830668617,239.93521200796326
2017-01-11 21:00:00,31.0,82.04410916730546,-75.84691217113095,239.93513050574188
2017-01-11 22:00:00,22.0,82.04403142247864,-75.8469899160909,239.93505276104818
2017-01-11 23:00:00,22.0,82.04395726195706,-75.84706407673362,239.93497860064775
2017-01-12 00:00:00,31.0,82.04388652049184,-75.84713481830903,239.9349078592927
2017-01-12 01:00:00,26.0,82.04381904045266,-75.84720229844851,239.93484037935383
2017-01-12 02:00:00,23.0,82.04375467147653,-75.8472666675159,239.93477601046897
2017-01-12 03:00:00,26.0,82.04369327013268,-75.8473280689428,239.93471460920816
2017-01-12 04:00:00,31.0,82.043634699603,-75.84738663954802,239.93465603875404
2017-01-12 05:00:00,32.0,82.04357882937718,-75.8474425098426,239.93460016859694
2017-01-12 06:00:00,22.0,82.04352553496187,-75.84749580432046,239.9345468742442
2017-01-12 07:00:00,19.0,82.04347469760332,-75.84754664173592,239.93449603694256
2017-01-12 08:00:00,16.0,82.04342620402271,-75.84759513536834,239.93444754341374
2017-01-12 09:00:00,26.0,82.04337994616377,-75.8476413932744,239.93440128560195
2017-01-12 10:00:00,27.0,82.043335820952,-75.84768551852909,239.93435716043308
2017-01-12 11:00:00,20.0,82.04329373006502,-75.84772760945509,239.93431506958513
2017-01-12 12:00:00,25.0,82.0432535797134,-75.84776775984218,239.93427491926897
2017-01-12 13:00:00,45.0,82.04321528043175,-75.84780605915614,239.93423662001965
2017-01-12 14:00:00,84.0,82.04317874687938,-75.8478425927379,239.93420008649667
2017-01-12 15:00:00,80.0,82.04314389765004,-75.84787744199399,239.93416523729405
2017-01-12 16:00:00,94.0,82.04311065509062,-75.84791068457774,239.93413199475896
2017-01-12 17:00:00,97.0,82.04307894512807,-75.84794239456245,239.9341002848186
2017-01-12 18:00:00,93.0,82.04304869710442,-75.84797264260625,239.93407003681511
2017-01-12 19:00:00,121.0,82.04301984361919,-75.84800149610979,239.93404118334817
2017-01-12 20:00:00,108.0,82.04299232037937,-75.8480290193663,239.93401366012503
2017-01-12 21:00:00,33.0,82.04296606605602,-75.84805527370482,239.93398740581688
2017-01-12 22:00:00,19.0,82.04294102214773,-75.84808031762695,239.9339623619224
2017-01-12 23:00:00,15.0,82.04291713285016,-75.84810420693708,239.9339384726374
2017-01-13 00:00:00,5.0,82.0428943449318,-75.84812699486687,239.93391568473047
2017-01-13 01:00:00,20.0,82.04287260761522,-75.84814873219388,239.93389394742434
2017-01-13 02:00:00,9.0,82.04285187246407,-75.8481694673545,239.93387321228263
2017-01-13 03:00:00,14.0,82.04283209327505,-75.84818924655212,239.93385343310223
2017-01-13 04:00:00,8.0,82.04281322597502,-75.84820811385997,239.93383456581
2017-01-13 05:00:00,10.0,82.04279522852272,-75.84822611131943,239.93381656836488
2017-01-13 06:00:00,13.0,82.04277806081518,-75.84824327903345,239.93379940066382
2017-01-13 07:00:00,17.0,82.0427616845983,-75.84825965525624,239.93378302445285
2017-01-13 08:00:00,22.0,82.04274606338161,-75.84827527647828,239.93376740324152
2017-01-13 09:00:00,8.0,82.04273116235701,-75.84829017750779,239.9337525022218
2017-01-13 10:00:00,8.0,82.04271694832114,-75.84830439154813,239.9337382881904
2017-01-13 11:00:00,20.0,82.04270338960147,-75.84831795027186,239.93372472947482
2017-01-13 12:00:00,13.0,82.04269045598562,-75.84833088389138,239.93371179586262
2017-01-13 13:00:00,7.0,82.04267811865417,-75.84834322122619,239.93369945853453
2017-01-13 14:00:00,15.0,82.04266635011633,-75.84835498976706,239.93368768999972
2017-01-13 15:00:00,9.0,82.04265512414878,-75.8483662157374,239.93367646403496
2017-01-13 16:00:00,15.0,82.04264441573713,-75.84837692415158,239.93366575562584
2017-01-13 17:00:00,17.0,82.04263420102026,-75.84838713887075,239.93365554091127
2017-01-13 18:00:00,18.0,82.04262445723715,-75.84839688265593,239.93364579713023
2017-01-13 19:00:00,16.0,82.04261516267611,-75.84840617721888,239.93363650257112
2017-01-13 20:00:00,21.0,82.04260629662647,-75.84841504327025,239.9336276365232
2017-01-13 21:00:00,18.0,82.04259783933236,-75.84842350056596,239.93361917923067
2017-01-13 22:00:00,15.0,82.04258977194874,-75.84843156795102,239.9336111118485
2017-01-13 23:00:00,22.0,82.04258207649939,-75.84843926340166,239.93360341640044
2017-01-14 00:00:00,17.0,82.04257473583684,-75.8484466040654,239.93359607573908
2017-01-14 01:00:00,18.0,82.04256773360422,-75.8484536062991,239.93358907350753
2017-01-14 02:00:00,17.0,82.04256105419871,-75.8484602857056,239.93358239410304
2017-01-14 03:00:00,13.0,82.04255468273689,-75.84846665716833,239.93357602264211
2017-01-14 04:00:00,21.0,82.04254860502148,-75.84847273488454,239.9335699449275
2017-01-14 05:00:00,18.0,82.04254280750976,-75.848478532397,239.93356414741652
2017-01-14 06:00:00,11.0,82.04253727728337,-75.84848406262407,239.9335586171908
2017-01-14 07:00:00,9.0,82.04253200201953,-75.84848933788851,239.93355334192756
2017-01-14 08:00:00,24.0,82.04252696996359,-75.84849436994499,239.93354830987215
2017-01-14 09:00:00,19.0,82.04252216990281,-75.8484991700063,239.93354350981193
2017-01-14 10:00:00,27.0,82.04251759114143,-75.84850374876814,239.933538931051
2017-01-14 11:00:00,31.0,82.04251322347677,-75.8485081164332,239.93353456338673
2017-01-14 12:00:00,18.0,82.04250905717655,-75.84851228273382,239.9335303970869
2017-01-14 13:00:00,12.0,82.04250508295716,-75.84851625695357,239.93352642286789
2017-01-14 14:00:00,8.0,82.04250129196303,-75.84852004794801,239.9335226318741
2017-01-14 15:00:00,11.0,82.04249767574684,-75.84852366416446,239.93351901565813
2017-01-14 16:00:00,18.0,82.04249422625071,-75.84852711366088,239.9335155661623
2017-01-14 17:00:00,24.0,82.04249093578827,-75.84853040412355,239.93351227570008
2017-01-14 18:00:00,31.0,82.04248779702752,-75.84853354288452,239.93350913693956
2017-01-14 19:00:00,38.0,82.0424848029745,-75.84853653693774,239.93350614288676
2017-01-14 20:00:00,41.0,82.04248194695766,-75.84853939295478,239.93350328687012
2017-01-14 21:00:00,44.0,82.04247922261307,-75.84854211729949,239.93350056252564
2017-01-14 22:00:00,37.0,82.04247662387019,-75.84854471604251,239.93349796378288
2017-01-14 23:00:00,31.0,82.04247414493832,-75.84854719497451,239.93349548485116
2017-01-15 00:00:00,37.0,82.0424717802938,-75.84854955961919,239.93349312020678
2017-01-15 01:00:00,32.0,82.04246952466755,-75.84855181524554,239.93349086458065
2017-01-15 02:00:00,48.0,82.04246737303347,-75.8485539668797,239.93348871294666
2017-01-15 03:00:00,35.0,82.04246532059716,-75.8485560193161,239.93348666051043
2017-01-15 04:00:00,35.0,82.04246336278526,-75.8485579771281,239.9334847026986
2017-01-15 05:00:00,42.0,82.04246149523526,-75.84855984467818,239.9334828351487
2017-01-15 06:00:00,22.0,82.04245971378576,-75.84856162612776,239.93348105369927
2017-01-15 07:00:00,26.0,82.04245801446724,-75.84856332544634,239.93347935438084
2017-01-15 08:00:00,17.0,82.04245639349318,-75.84856494642045,239.93347773340682
2017-01-15 09:00:00,23.0,82.04245484725162,-75.84856649266207,239.9334761871653
2017-01-15 10:00:00,22.0,82.04245337229715,-75.8485679676166,239.9334747122109
2017-01-15 11:00:00,34.0,82.04245196534318,-75.8485693745706,239.93347330525694
2017-01-15 12:00:00,48.0,82.04245062325464,-75.84857071665917,239.93347196316844
2017-01-15 13:00:00,49.0,82.04244934304103,-75.84857199687283,239.9334706829549
2017-01-15 14:00:00,48.0,82.04244812184969,-75.8485732180642,239.9334694617636
2017-01-15 15:00:00,53.0,82.04244695695948,-75.84857438295441,239.93346829687337
2017-01-15 16:00:00,57.0,82.04244584577475,-75.84857549413917,239.93346718568867
2017-01-15 17:00:00,76.0,82.04244478581947,-75.84857655409448,239.93346612573342
2017-01-15 18:00:00,81.0,82.0424437747318,-75.84857756518218,239.93346511464577
2017-01-15 19:00:00,76.0,82.04244281025876,-75.84857852965524,239.93346415017277
2017-01-15 20:00:00,72.0,82.04244189025125,-75.84857944966275,239.93346323016527
2017-01-15 21:00:00,72.0,82.04244101265928,-75.84858032725475,239.93346235257332
2017-01-15 22:00:00,74.0,82.04244017552733,-75.8485811643867,239.93346151544137
2017-01-15 23:00:00,85.0,82.04243937699006,-75.848581962924,239.9334607169041
2017-01-16 00:00:00,86.0,82.04243861526811,-75.84858272464595,239.93345995518217
2017-01-16 01:00:00,92.0,82.04243788866418,-75.84858345124988,239.93345922857824
2017-01-16 02:00:00,94.0,82.0424371955592,-75.84858414435489,239.93345853547328
2017-01-16 03:00:00,93.0,82.04243653440876,-75.84858480550533,239.93345787432287
2017-01-16 04:00:00,97.0,82.04243590373963,-75.84858543617449,239.93345724365375
2017-01-16 05:00:00,97.0,82.04243530214654,-75.84858603776757,239.93345664206066
2017-01-16 06:00:00,89.0,82.04243472828897,-75.84858661162515,239.9334560682031
2017-01-16 07:00:00,90.0,82.04243418088821,-75.84858715902594,239.93345552080234
2017-01-16 08:00:00,87.0,82.04243365872452,-75.84858768118963,239.93345499863867
2017-01-16 09:00:00,89.0,82.04243316063437,-75.84858817927977,239.93345450054852
2017-01-16 10:00:00,66.0,82.04243268550792,-75.84858865440623,239.93345402542207
2017-01-16 11:00:00,60.0,82.04243223228642,-75.84858910762773,239.93345357220056
2017-01-16 12:00:00,72.0,82.04243179996001,-75.84858953995413,239.93345313987416
2017-01-16 13:00:00,71.0,82.04243138756533,-75.84858995234882,239.93345272747948
2017-01-16 14:00:00,79.0,82.04243099418349,-75.84859034573066,239.93345233409764
2017-01-16 15:00:00,96.0,82.0424306189379,-75.84859072097625,239.93345195885206
2017-01-16 16:00:00,116.0,82.04243026099242,-75.84859107892173,239.93345160090655
2017-01-16 17:00:00,122.0,82.04242991954948,-75.84859142036467,239.93345125946362
2017-01-16 18:00:00,128.0,82.04242959384823,-75.84859174606592,239.93345093376237
2017-01-16 19:00:00,120.0,82.04242928316293,-75.84859205675122,239.93345062307708
2017-01-16 20:00:00,125.0,82.04242898680131,-75.84859235311283,239.93345032671544
2017-01-16 21:00:00,138.0,82.04242870410297,-75.84859263581117,239.93345004401712
2017-01-16 22:00:00,138.0,82.04242843443801,-75.84859290547614,239.93344977435214
2017-01-16 23:00:00,120.0,82.04242817720554,-75.84859316270861,239.9334495171197
2017-01-17 00:00:00,127.0,82.04242793183236,-75.84859340808178,239.9334492717465
2017-01-17 01:00:00,141.0,82.04242769777176,-75.84859364214239,239.9334490376859
2017-01-17 02:00:00,146.0,82.04242747450213,-75.84859386541201,239.9334488144163
2017-01-17 03:00:00,133.0,82.04242726152602,-75.84859407838813,239.93344860144015
2017-01-17 04:00:00,141.0,82.04242705836884,-75.8485942815453,239.933448398283
2017-01-17 05:00:00,131.0,82.04242686457792,-75.84859447533623,239.93344820449207
2017-01-17 06:00:00,120.0,82.04242667972142,-75.84859466019273,239.93344801963556
2017-01-17 07:00:00,111.0,82.04242650338743,-75.84859483652671,239.93344784330156
2017-01-17 08:00:00,138.0,82.04242633518307,-75.84859500473108,239.93344767509723
2017-01-17 09:00:00,155.0,82.0424261747335,-75.84859516518064,239.93344751464764
2017-01-17 10:00:00,167.0,82.04242602168121,-75.84859531823294,239.93344736159537
2017-01-17 11:00:00,157.0,82.04242587568517,-75.84859546422898,239.9334472155993
2017-01-17 12:00:00,158.0,82.04242573642004,-75.8485956034941,239.93344707633418
2017-01-17 13:00:00,154.0,82.04242560357552,-75.84859573633862,239.93344694348968
2017-01-17 14:00:00,145.0,82.04242547685558,-75.84859586305856,239.93344681676973
2017-01-17 15:00:00,137.0,82.04242535597788,-75.84859598393626,239.93344669589203
2017-01-17 16:00:00,123.0,82.04242524067307,-75.84859609924108,239.9334465805872
2017-01-17 17:00:00,155.0,82.0424251306842,-75.84859620922995,239.93344647059834
2017-01-17 18:00:00,169.0,82.04242502576618,-75.84859631414797,239.9334463656803
2017-01-17 19:00:00,165.0,82.04242492568527,-75.84859641422888,239.9334462655994
2017-01-17 20:00:00,167.0,82.04242483021841,-75.84859650969574,239.93344617013256
2017-01-17 21:00:00,170.0,82.04242473915292,-75.84859660076123,239.93344607906707
2017-01-17 22:00:00,171.0,82.04242465228586,-75.84859668762829,239.9334459922
2017-01-17 23:00:00,172.0,82.04242456942367,-75.84859677049047,239.93344590933782
2017-01-18 00:00:00,73.0,82.04242449038172,-75.84859684953243,239.93344583029585
2017-01-18 01:00:00,25.0,82.04242441498387,-75.84859692493028,239.933445754898
2017-01-18 02:00:00,66.0,82.04242434306212,-75.84859699685202,239.93344568297627
2017-01-18 03:00:00,57.0,82.04242427445621,-75.84859706545794,239.93344561437036
2017-01-18 04:00:00,44.0,82.04242420901328,-75.84859713090087,239.9334455489274
2017-01-18 05:00:00,34.0,82.04242414658749,-75.84859719332665,239.93344548650163
2017-01-18 06:00:00,33.0,82.04242408703973,-75.84859725287441,239.93344542695388
2017-01-18 07:00:00,31.0,82.04242403023736,-75.84859730967679,239.9334453701515
2017-01-18 08:00:00,25.0,82.04242397605375,-75.84859736386039,239.9334453159679
2017-01-18 09:00:00,21.0,82.0424239243682,-75.84859741554595,239.93344526428234
2017-01-18 10:00:00,22.0,82.04242387506552,-75.84859746484862,239.93344521497966
2017-01-18 11:00:00,26.0,82.04242382803588,-75.84859751187827,239.93344516795003
2017-01-18 12:00:00,22.0,82.04242378317447,-75.84859755673968,239.93344512308863
2017-01-18 13:00:00,21.0,82.04242374038132,-75.84859759953282,239.93344508029548
2017-01-18 14:00:00,20.0,82.04242369956108,-75.84859764035306,239.93344503947523
2017-01-18 15:00:00,35.0,82.0424236606228,-75.84859767929134,239.93344500053695
2017-01-18 16:00:00,49.0,82.0424236234797,-75.84859771643444,239.93344496339387
2017-01-18 17:00:00,57.0,82.04242358804903,-75.84859775186511,239.9334449279632
2017-01-18 18:00:00,50.0,82.04242355425184,-75.8485977856623,239.93344489416597
2017-01-18 19:00:00,46.0,82.04242352201281,-75.84859781790134,239.93344486192694
2017-01-18 20:00:00,43.0,82.04242349126012,-75.84859784865402,239.93344483117426
2017-01-18 21:00:00,50.0,82.04242346192522,-75.84859787798892,239.93344480183936
2017-01-18 22:00:00,55.0,82.04242343394279,-75.84859790597136,239.93344477385693
2017-01-18 23:00:00,54.0,82.04242340725042,-75.84859793266372,239.93344474716457
2017-01-19 00:00:00,64.0,82.04242338178867,-75.84859795812548,239.9334447217028
2017-01-19 01:00:00,76.0,82.0424233575008,-75.84859798241335,239.93344469741493
2017-01-19 02:00:00,87.0,82.04242333433267,-75.84859800558148,239.9334446742468
2017-01-19 03:00:00,96.0,82.04242331223267,-75.84859802768148,239.93344465214682
2017-01-19 04:00:00,112.0,82.04242329115156,-75.84859804876258,239.9334446310657
2017-01-19 05:00:00,126.0,82.04242327104238,-75.84859806887177,239.93344461095654
2017-01-19 06:00:00,104.0,82.04242325186028,-75.84859808805386,239.93344459177445
2017-01-19 07:00:00,109.0,82.04242323356256,-75.84859810635159,239.93344457347672
2017-01-19 08:00:00,111.0,82.04242321610842,-75.84859812380573,239.93344455602255
2017-01-19 09:00:00,103.0,82.04242319945897,-75.84859814045518,239.9334445393731
2017-01-19 10:00:00,34.0,82.04242318357713,-75.84859815633702,239.9334445234913
2017-01-19 11:00:00,12.0,82.04242316842748,-75.84859817148667,239.9334445083416
2017-01-19 12:00:00,12.0,82.04242315397629,-75.84859818593786,239.93344449389042
2017-01-19 13:00:00,12.0,82.04242314019136,-75.84859819972279,239.9334444801055
2017-01-19 14:00:00,9.0,82.04242312704194,-75.8485982128722,239.93344446695608
2017-01-19 15:00:00,9.0,82.04242311449877,-75.84859822541537,239.93344445441292
2017-01-19 16:00:00,9.0,82.04242310253389,-75.84859823738026,239.93344444244804
2017-01-19 17:00:00,10.0,82.04242309112063,-75.84859824879352,239.9334444310348
2017-01-19 18:00:00,12.0,82.04242308023355,-75.8485982596806,239.93344442014768
2017-01-19 19:00:00,11.0,82.0424230698484,-75.84859827006575,239.93344440976256
2017-01-19 20:00:00,11.0,82.04242305994205,-75.8485982799721,239.9334443998562
2017-01-19 21:00:00,11.0,82.04242305049242,-75.84859828942173,239.93344439040658
2017-01-19 22:00:00,14.0,82.04242304147844,-75.8485982984357,239.93344438139258
2017-01-19 23:00:00,8.0,82.04242303288004,-75.84859830703411,239.93344437279418
2017-01-20 00:00:00,10.0,82.04242302467806,-75.84859831523609,239.93344436459222
2017-01-20 01:00:00,8.0,82.04242301685422,-75.84859832305993,239.93344435676835
2017-01-20 02:00:00,8.0,82.04242300939107,-75.84859833052307,239.9334443493052
2017-01-20 03:00:00,8.0,82.04242300227202,-75.84859833764213,239.93344434218616
2017-01-20 04:00:00,5.0,82.04242299548116,-75.84859834443299,239.9334443353953
2017-01-20 05:00:00,7.0,82.0424229890034,-75.84859835091075,239.93344432891755
2017-01-20 06:00:00,8.0,82.04242298282428,-75.84859835708987,239.9334443227384
2017-01-20 07:00:00,10.0,82.04242297693004,-75.8485983629841,239.9334443168442
2017-01-20 08:00:00,11.0,82.04242297130754,-75.8485983686066,239.9334443112217
2017-01-20 09:00:00,12.0,82.04242296594427,-75.84859837396988,239.93344430585842
2017-01-20 10:00:00,16.0,82.04242296082825,-75.8485983790859,239.9334443007424
2017-01-20 11:00:00,17.0,82.04242295594811,-75.84859838396603,239.93344429586227
2017-01-20 12:00:00,21.0,82.04242295129295,-75.8485983886212,239.93344429120708
2017-01-20 13:00:00,18.0,82.04242294685241,-75.84859839306174,239.93344428676656
2017-01-20 14:00:00,19.0,82.0424229426166,-75.84859839729755,239.93344428253073
2017-01-20 15:00:00,17.0,82.04242293857608,-75.84859840133807,239.93344427849024
2017-01-20 16:00:00,26.0,82.04242293472183,-75.84859840519232,239.93344427463597
2017-01-20 17:00:00,24.0,82.04242293104528,-75.84859840886887,239.93344427095943
2017-01-20 18:00:00,27.0,82.04242292753823,-75.84859841237592,239.9334442674524
2017-01-20 19:00:00,37.0,82.04242292419286,-75.84859841572128,239.933444264107
2017-01-20 20:00:00,45.0,82.04242292100174,-75.8485984189124,239.9334442609159
2017-01-20 21:00:00,45.0,82.04242291795774,-75.84859842195641,239.93344425787188
2017-01-20 22:00:00,53.0,82.04242291505406,-75.84859842486009,239.9334442549682
2017-01-20 23:00:00,64.0,82.04242291228427,-75.84859842762988,239.9334442521984
2017-01-21 00:00:00,68.0,82.04242290964217,-75.84859843027198,239.93344424955632
2017-01-21 01:00:00,70.0,82.04242290712187,-75.84859843279227,239.93344424703602
2017-01-21 02:00:00,81.0,82.04242290471778,-75.84859843519637,239.93344424463191
2017-01-21 03:00:00,90.0,82.04242290242452,-75.84859843748963,239.93344424233868
2017-01-21 04:00:00,90.0,82.04242290023699,-75.84859843967716,239.93344424015112
2017-01-21 05:00:00,69.0,82.0424228981503,-75.84859844176384,239.93344423806445
2017-01-21 06:00:00,32.0,82.04242289615982,-75.84859844375433,239.93344423607397
2017-01-21 07:00:00,11.0,82.04242289426112,-75.84859844565302,239.93344423417528
2017-01-21 08:00:00,5.0,82.04242289244995,-75.8485984474642,239.93344423236408
2017-01-21 09:00:00,6.0,82.04242289072228,-75.84859844919187,239.93344423063644
2017-01-21 10:00:00,7.0,82.04242288907426,-75.84859845083989,239.9334442289884
2017-01-21 11:00:00,7.0,82.04242288750221,-75.84859845241193,239.93344422741637
2017-01-21 12:00:00,11.0,82.04242288600265,-75.84859845391149,239.9334442259168
2017-01-21 13:00:00,6.0,82.04242288457222,-75.84859845534193,239.93344422448638
2017-01-21 14:00:00,5.0,82.04242288320775,-75.8485984567064,239.9334442231219
2017-01-21 15:00:00,5.0,82.04242288190618,-75.84859845800797,239.9334442218203
2017-01-21 16:00:00,9.0,82.0424228806646,-75.84859845924954,239.93344422057874
2017-01-21 17:00:00,8.0,82.04242287948028,-75.84859846043386,239.93344421939443
2017-01-21 18:00:00,12.0,82.04242287835055,-75.8485984615636,239.9334442182647
2017-01-21 19:00:00,11.0,82.04242287727291,-75.84859846264123,239.93344421718706
2017-01-21 20:00:00,13.0,82.04242287624496,-75.84859846366919,239.9334442161591
2017-01-21 21:00:00,15.0,82.04242287526439,-75.84859846464975,239.93344421517855
2017-01-21 22:00:00,10.0,82.04242287432903,-75.84859846558511,239.9334442142432
2017-01-21 23:00:00,11.0,82.0424228734368,-75.84859846647734,239.93344421335095
2017-01-22 00:00:00,9.0,82.0424228725857,-75.84859846732844,239.93344421249986
2017-01-22 01:00:00,13.0,82.04242287177384,-75.84859846814031,239.93344421168797
2017-01-22 02:00:00,14.0,82.04242287099942,-75.84859846891473,239.93344421091356
2017-01-22 03:00:00,12.0,82.04242287026068,-75.84859846965347,239.93344421017483
2017-01-22 04:00:00,14.0,82.04242286955602,-75.84859847035813,239.93344420947017
2017-01-22 05:00:00,15.0,82.04242286888383,-75.84859847103031,239.933444208798
2017-01-22 06:00:00,14.0,82.04242286824264,-75.84859847167151,239.9334442081568
2017-01-22 07:00:00,12.0,82.04242286763102,-75.84859847228313,239.93344420754516
2017-01-22 08:00:00,11.0,82.04242286704758,-75.84859847286657,239.93344420696172
2017-01-22 09:00:00,11.0,82.04242286649105,-75.8485984734231,239.9334442064052
2017-01-22 10:00:00,16.0,82.04242286596016,-75.84859847395398,239.9334442058743
2017-01-22 11:00:00,21.0,82.04242286545377,-75.84859847446037,239.93344420536792
2017-01-22 12:00:00,16.0,82.04242286497072,-75.84859847494343,239.93344420488486
2017-01-22 13:00:00,17.0,82.04242286450993,-75.84859847540422,239.93344420442406
2017-01-22 14:00:00,18.0,82.04242286407039,-75.84859847584376,239.93344420398455
2017-01-22 15:00:00,21.0,82.04242286365111,-75.84859847626304,239.93344420356527
2017-01-22 16:00:00,29.0,82.04242286325118,-75.84859847666297,239.93344420316532
2017-01-22 17:00:00,47.0,82.04242286286967,-75.84859847704448,239.93344420278382
2017-01-22 18:00:00,65.0,82.04242286250575,-75.8485984774084,239.93344420241988
2017-01-22 19:00:00,72.0,82.0424228621586,-75.84859847775554,239.93344420207274
2017-01-22 20:00:00,46.0,82.04242286182748,-75.84859847808667,239.93344420174162
2017-01-22 21:00:00,30.0,82.04242286151161,-75.84859847840254,239.93344420142574
2017-01-22 22:00:00,31.0,82.0424228612103,-75.84859847870385,239.93344420112444
2017-01-22 23:00:00,26.0,82.04242286092288,-75.84859847899126,239.93344420083702
2017-01-23 00:00:00,24.0,82.04242286064871,-75.84859847926543,239.93344420056286
2017-01-23 01:00:00,22.0,82.04242286038719,-75.84859847952696,239.93344420030132
2017-01-23 02:00:00,20.0,82.04242286013773,-75.84859847977641,239.9334442000519
2017-01-23 03:00:00,17.0,82.04242285989976,-75.84859848001439,239.9334441998139
2017-01-23 04:00:00,15.0,82.04242285967277,-75.84859848024138,239.93344419958692
2017-01-23 05:00:00,12.0,82.04242285945624,-75.84859848045791,239.9334441993704
2017-01-23 06:00:00,11.0,82.0424228592497,-75.84859848066445,239.93344419916383
2017-01-23 07:00:00,12.0,82.04242285905266,-75.84859848086148,239.9334441989668
2017-01-23 08:00:00,12.0,82.04242285886473,-75.84859848104942,239.9334441987789
2017-01-23 09:00:00,13.0,82.04242285868546,-75.84859848122869,239.9334441985996
2017-01-23 10:00:00,17.0,82.04242285851444,-75.8485984813997,239.9334441984286
2017-01-23 11:00:00,18.0,82.04242285835132,-75.84859848156283,239.93344419826548
2017-01-23 12:00:00,16.0,82.0424228581957,-75.84859848171844,239.93344419810984
2017-01-23 13:00:00,19.0,82.04242285804727,-75.84859848186687,239.93344419796142
2017-01-23 14:00:00,21.0,82.04242285790569,-75.84859848200846,239.93344419781982
2017-01-23 15:00:00,27.0,82.04242285777063,-75.84859848214352,239.93344419768476
2017-01-23 16:00:00,39.0,82.0424228576418,-75.84859848227235,239.93344419755596
2017-01-23 17:00:00,34.0,82.0424228575189,-75.84859848239525,239.93344419743306
2017-01-23 18:00:00,39.0,82.04242285740166,-75.84859848251249,239.9334441973158
2017-01-23 19:00:00,47.0,82.04242285728985,-75.8485984826243,239.93344419720398
2017-01-23 20:00:00,68.0,82.04242285718317,-75.84859848273098,239.93344419709732
2017-01-23 21:00:00,80.0,82.04242285708142,-75.84859848283273,239.93344419699557
2017-01-23 22:00:00,84.0,82.04242285698436,-75.84859848292979,239.9334441968985
2017-01-23 23:00:00,95.0,82.04242285689178,-75.84859848302237,239.9334441968059
2017-01-24 00:00:00,97.0,82.04242285680347,-75.84859848311068,239.93344419671763
2017-01-24 01:00:00,95.0,82.04242285671921,-75.84859848319493,239.93344419663336
2017-01-24 02:00:00,89.0,82.04242285663886,-75.84859848327528,239.933444196553
2017-01-24 03:00:00,93.0,82.0424228565622,-75.84859848335195,239.93344419647633
2017-01-24 04:00:00,105.0,82.04242285648908,-75.84859848342506,239.93344419640323
2017-01-24 05:00:00,100.0,82.04242285641934,-75.84859848349481,239.93344419633348
2017-01-24 06:00:00,72.0,82.0424228563528,-75.84859848356135,239.93344419626695
2017-01-24 07:00:00,51.0,82.04242285628932,-75.84859848362483,239.93344419620348
2017-01-24 08:00:00,27.0,82.04242285622878,-75.84859848368536,239.93344419614294
2017-01-24 09:00:00,28.0,82.04242285617103,-75.84859848374312,239.9334441960852
2017-01-24 10:00:00,29.0,82.04242285611595,-75.8485984837982,239.9334441960301
2017-01-24 11:00:00,44.0,82.0424228560634,-75.84859848385075,239.93344419597753
2017-01-24 12:00:00,53.0,82.04242285601327,-75.84859848390087,239.93344419592742
2017-01-24 13:00:00,68.0,82.04242285596546,-75.84859848394869,239.9334441958796
2017-01-24 14:00:00,71.0,82.04242285591985,-75.8485984839943,239.933444195834
2017-01-24 15:00:00,86.0,82.04242285587634,-75.84859848403781,239.93344419579049
2017-01-24 16:00:00,109.0,82.04242285583484,-75.8485984840793,239.933444195749
2017-01-24 17:00:00,120.0,82.04242285579525,-75.8485984841189,239.9334441957094
2017-01-24 18:00:00,122.0,82.0424228557575,-75.84859848415665,239.93344419567165
2017-01-24 19:00:00,130.0,82.04242285572147,-75.84859848419268,239.93344419563562
2017-01-24 20:00:00,134.0,82.04242285568711,-75.84859848422704,239.93344419560125
2017-01-24 21:00:00,128.0,82.04242285565434,-75.84859848425981,239.93344419556848
2017-01-24 22:00:00,120.0,82.04242285562307,-75.84859848429107,239.93344419553722
2017-01-24 23:00:00,128.0,82.04242285559324,-75.8485984843209,239.93344419550738
2017-01-25 00:00:00,134.0,82.0424228555648,-75.84859848434935,239.93344419547896
2017-01-25 01:00:00,152.0,82.04242285553765,-75.8485984843765,239.93344419545178
2017-01-25 02:00:00,169.0,82.04242285551177,-75.84859848440237,239.93344419542592
2017-01-25 03:00:00,202.0,82.04242285548708,-75.84859848442707,239.93344419540122
2017-01-25 04:00:00,220.0,82.04242285546353,-75.84859848445062,239.93344419537766
2017-01-25 05:00:00,208.0,82.04242285544105,-75.8485984844731,239.9334441953552
2017-01-25 06:00:00,191.0,82.04242285541962,-75.84859848449453,239.93344419533378
2017-01-25 07:00:00,156.0,82.04242285539918,-75.84859848451497,239.9334441953133
2017-01-25 08:00:00,160.0,82.04242285537967,-75.84859848453448,239.93344419529382
2017-01-25 09:00:00,154.0,82.04242285536107,-75.84859848455308,239.93344419527523
2017-01-25 10:00:00,164.0,82.04242285534332,-75.84859848457083,239.93344419525747
2017-01-25 11:00:00,136.0,82.0424228553264,-75.84859848458775,239.93344419524055
2017-01-25 12:00:00,143.0,82.04242285531025,-75.8485984846039,239.9334441952244
2017-01-25 13:00:00,150.0,82.04242285529484,-75.8485984846193,239.933444195209
2017-01-25 14:00:00,157.0,82.04242285528015,-75.848598484634,239.93344419519428
2017-01-25 15:00:00,164.0,82.04242285526614,-75.84859848464801,239.9334441951803
2017-01-25 16:00:00,162.0,82.04242285525277,-75.84859848466138,239.9334441951669
2017-01-25 17:00:00,176.0,82.04242285524002,-75.84859848467413,239.93344419515415
2017-01-25 18:00:00,200.0,82.04242285522785,-75.84859848468629,239.933444195142
2017-01-25 19:00:00,194.0,82.04242285521624,-75.8485984846979,239.9334441951304
2017-01-25 20:00:00,208.0,82.04242285520519,-75.84859848470896,239.93344419511934
2017-01-25 21:00:00,224.0,82.04242285519463,-75.84859848471952,239.9334441951088
2017-01-25 22:00:00,236.0,82.04242285518455,-75.84859848472959,239.9334441950987
2017-01-25 23:00:00,253.0,82.04242285517495,-75.8485984847392,239.9334441950891
2017-01-26 00:00:00,260.0,82.04242285516578,-75.84859848474836,239.93344419507991
2017-01-26 01:00:00,269.0,82.04242285515704,-75.8485984847571,239.9334441950712
2017-01-26 02:00:00,295.0,82.0424228551487,-75.84859848476545,239.93344419506286
2017-01-26 03:00:00,321.0,82.04242285514074,-75.8485984847734,239.9334441950549
2017-01-26 04:00:00,326.0,82.04242285513315,-75.848598484781,239.9334441950473
2017-01-26 05:00:00,318.0,82.04242285512592,-75.84859848478823,239.93344419504007
2017-01-26 06:00:00,288.0,82.04242285511901,-75.84859848479513,239.93344419503316
2017-01-26 07:00:00,246.0,82.04242285511243,-75.84859848480171,239.9334441950266
2017-01-26 08:00:00,238.0,82.04242285510615,-75.848598484808,239.9334441950203
2017-01-26 09:00:00,248.0,82.04242285510016,-75.84859848481399,239.93344419501432
2017-01-26 10:00:00,262.0,82.04242285509444,-75.8485984848197,239.93344419500858
2017-01-26 11:00:00,270.0,82.04242285508899,-75.84859848482516,239.93344419500312
2017-01-26 12:00:00,259.0,82.04242285508379,-75.84859848483036,239.93344419499795
2017-01-26 13:00:00,209.0,82.04242285507883,-75.84859848483532,239.93344419499297
2017-01-26 14:00:00,96.0,82.0424228550741,-75.84859848484005,239.93344419498823
2017-01-26 15:00:00,51.0,82.04242285506957,-75.84859848484457,239.93344419498374
2017-01-26 16:00:00,8.0,82.04242285506527,-75.84859848484888,239.93344419497942
2017-01-26 17:00:00,7.0,82.04242285506116,-75.84859848485299,239.93344419497532
2017-01-26 18:00:00,10.0,82.04242285505724,-75.84859848485691,239.9334441949714
2017-01-26 19:00:00,9.0,82.0424228550535,-75.84859848486064,239.93344419496765
2017-01-26 20:00:00,11.0,82.04242285504994,-75.84859848486421,239.93344419496407
2017-01-26 21:00:00,7.0,82.04242285504654,-75.84859848486761,239.93344419496069
2017-01-26 22:00:00,4.0,82.0424228550433,-75.84859848487085,239.93344419495745
2017-01-26 23:00:00,10.0,82.0424228550402,-75.84859848487395,239.93344419495435
2017-01-27 00:00:00,11.0,82.04242285503724,-75.8485984848769,239.9334441949514
2017-01-27 01:00:00,11.0,82.04242285503443,-75.84859848487972,239.93344419494858
2017-01-27 02:00:00,13.0,82.04242285503175,-75.8485984848824,239.93344419494588
2017-01-27 03:00:00,10.0,82.04242285502919,-75.84859848488496,239.93344419494332
2017-01-27 04:00:00,6.0,82.04242285502674,-75.8485984848874,239.93344419494088
2017-01-27 05:00:00,9.0,82.04242285502441,-75.84859848488973,239.93344419493855
2017-01-27 06:00:00,11.0,82.04242285502218,-75.84859848489197,239.93344419493633
2017-01-27 07:00:00,11.0,82.04242285502006,-75.84859848489408,239.93344419493422
2017-01-27 08:00:00,11.0,82.04242285501803,-75.84859848489612,239.93344419493218
2017-01-27 09:00:00,15.0,82.04242285501611,-75.84859848489803,239.93344419493025
2017-01-27 10:00:00,24.0,82.04242285501427,-75.84859848489988,239.93344419492843
2017-01-27 11:00:00,28.0,82.0424228550125,-75.84859848490164,239.93344419492666
2017-01-27 12:00:00,37.0,82.04242285501083,-75.84859848490332,239.93344419492496
2017-01-27 13:00:00,41.0,82.04242285500924,-75.84859848490491,239.93344419492337
2017-01-27 14:00:00,45.0,82.04242285500771,-75.84859848490643,239.93344419492186
2017-01-27 15:00:00,44.0,82.04242285500625,-75.8485984849079,239.9334441949204
2017-01-27 16:00:00,53.0,82.04242285500487,-75.84859848490927,239.93344419491902
2017-01-27 17:00:00,58.0,82.04242285500355,-75.8485984849106,239.93344419491768
2017-01-27 18:00:00,61.0,82.04242285500229,-75.84859848491186,239.93344419491643
2017-01-27 19:00:00,87.0,82.04242285500108,-75.84859848491307,239.93344419491524
2017-01-27 20:00:00,118.0,82.04242285499993,-75.84859848491422,239.93344419491407
2017-01-27 21:00:00,179.0,82.04242285499883,-75.84859848491531,239.93344419491297
2017-01-27 22:00:00,240.0,82.0424228549978,-75.84859848491635,239.93344419491194
2017-01-27 23:00:00,278.0,82.04242285499679,-75.84859848491736,239.93344419491092
2017-01-28 00:00:00,305.0,82.04242285499585,-75.8485984849183,239.93344419491
2017-01-28 01:00:00,576.0,82.04242285499494,-75.84859848491921,239.9334441949091
2017-01-28 02:00:00,641.0,82.04242285499407,-75.84859848492007,239.93344419490822
2017-01-28 03:00:00,651.0,82.04242285499325,-75.8485984849209,239.9334441949074
2017-01-28 04:00:00,682.0,82.04242285499245,-75.8485984849217,239.9334441949066
2017-01-28 05:00:00,713.0,82.0424228549917,-75.84859848492245,239.93344419490586
2017-01-28 06:00:00,697.0,82.04242285499099,-75.84859848492316,239.93344419490512
2017-01-28 07:00:00,462.0,82.0424228549903,-75.84859848492384,239.93344419490444
2017-01-28 08:00:00,383.0,82.04242285498965,-75.8485984849245,239.9334441949038
2017-01-28 09:00:00,374.0,82.04242285498903,-75.84859848492512,239.9334441949032
2017-01-28 10:00:00,323.0,82.04242285498844,-75.8485984849257,239.9334441949026
2017-01-28 11:00:00,257.0,82.04242285498788,-75.84859848492627,239.93344419490202
2017-01-28 12:00:00,249.0,82.04242285498734,-75.84859848492681,239.93344419490148
2017-01-28 13:00:00,244.0,82.04242285498682,-75.84859848492732,239.93344419490097
2017-01-28 14:00:00,238.0,82.04242285498633,-75.84859848492782,239.93344419490046
2017-01-28 15:00:00,242.0,82.04242285498586,-75.84859848492829,239.9334441949
2017-01-28 16:00:00,243.0,82.04242285498542,-75.84859848492873,239.93344419489955
2017-01-28 17:00:00,247.0,82.04242285498499,-75.84859848492916,239.93344419489915
2017-01-28 18:00:00,246.0,82.04242285498458,-75.84859848492957,239.93344419489873
2017-01-28 19:00:00,243.0,82.0424228549842,-75.84859848492995,239.93344419489836
2017-01-28 20:00:00,242.0,82.04242285498383,-75.84859848493032,239.93344419489796
2017-01-28 21:00:00,258.0,82.04242285498347,-75.84859848493068,239.93344419489762
2017-01-28 22:00:00,273.0,82.04242285498313,-75.84859848493102,239.93344419489728
2017-01-28 23:00:00,307.0,82.04242285498282,-75.84859848493133,239.93344419489696
2017-01-29 00:00:00,297.0,82.0424228549825,-75.84859848493164,239.93344419489665
2017-01-29 01:00:00,292.0,82.0424228549822,-75.84859848493194,239.93344419489637
2017-01-29 02:00:00,203.0,82.04242285498194,-75.84859848493221,239.93344419489608
2017-01-29 03:00:00,11.0,82.04242285498167,-75.84859848493248,239.9334441948958
2017-01-29 04:00:00,3.0,82.04242285498141,-75.84859848493274,239.93344419489557
2017-01-29 05:00:00,9.0,82.04242285498117,-75.84859848493298,239.93344419489532
2017-01-29 06:00:00,9.0,82.04242285498094,-75.8485984849332,239.9334441948951
2017-01-29 07:00:00,10.0,82.04242285498073,-75.84859848493342,239.9334441948949
2017-01-29 08:00:00,10.0,82.04242285498052,-75.84859848493363,239.93344419489466
2017-01-29 09:00:00,11.0,82.04242285498032,-75.84859848493383,239.93344419489446
2017-01-29 10:00:00,10.0,82.04242285498012,-75.84859848493403,239.93344419489426
2017-01-29 11:00:00,12.0,82.04242285497993,-75.84859848493421,239.9334441948941
2017-01-29 12:00:00,7.0,82.04242285497976,-75.84859848493439,239.93344419489392
2017-01-29 13:00:00,15.0,82.04242285497959,-75.84859848493456,239.93344419489375
2017-01-29 14:00:00,15.0,82.04242285497943,-75.84859848493471,239.93344419489358
2017-01-29 15:00:00,8.0,82.04242285497929,-75.84859848493485,239.93344419489344
2017-01-29 16:00:00,13.0,82.04242285497915,-75.848598484935,239.9334441948933
2017-01-29 17:00:00,11.0,82.04242285497901,-75.84859848493514,239.93344419489316
2017-01-29 18:00:00,11.0,82.04242285497888,-75.84859848493527,239.933444194893
2017-01-29 19:00:00,3.0,82.04242285497875,-75.8485984849354,239.9334441948929
2017-01-29 20:00:00,8.0,82.04242285497864,-75.84859848493551,239.9334441948928
2017-01-29 21:00:00,9.0,82.04242285497853,-75.84859848493562,239.93344419489267
2017-01-29 22:00:00,7.0,82.04242285497841,-75.84859848493574,239.93344419489256
2017-01-29 23:00:00,10.0,82.04242285497831,-75.84859848493583,239.93344419489245
2017-01-30 00:00:00,8.0,82.04242285497821,-75.84859848493593,239.93344419489236
2017-01-30 01:00:00,9.0,82.04242285497811,-75.84859848493603,239.93344419489227
2017-01-30 02:00:00,7.0,82.04242285497803,-75.84859848493612,239.93344419489216
2017-01-30 03:00:00,9.0,82.04242285497794,-75.8485984849362,239.9334441948921
2017-01-30 04:00:00,8.0,82.04242285497786,-75.84859848493629,239.933444194892
2017-01-30 05:00:00,5.0,82.04242285497777,-75.84859848493637,239.93344419489193
2017-01-30 06:00:00,7.0,82.0424228549777,-75.84859848493645,239.93344419489185
2017-01-30 07:00:00,9.0,82.04242285497763,-75.84859848493652,239.93344419489176
2017-01-30 08:00:00,8.0,82.04242285497756,-75.84859848493659,239.9334441948917
2017-01-30 09:00:00,6.0,82.0424228549775,-75.84859848493664,239.93344419489165
2017-01-30 10:00:00,12.0,82.04242285497745,-75.8485984849367,239.9334441948916
2017-01-30 11:00:00,4.0,82.04242285497737,-75.84859848493677,239.93344419489154
2017-01-30 12:00:00,4.0,82.04242285497733,-75.84859848493682,239.93344419489148
2017-01-30 13:00:00,3.0,82.04242285497727,-75.84859848493687,239.93344419489142
2017-01-30 14:00:00,8.0,82.04242285497722,-75.84859848493693,239.93344419489136
2017-01-30 15:00:00,9.0,82.04242285497718,-75.84859848493697,239.9334441948913
2017-01-30 16:00:00,9.0,82.04242285497713,-75.84859848493701,239.93344419489128
2017-01-30 17:00:00,35.0,82.04242285497708,-75.84859848493707,239.93344419489122
2017-01-30 18:00:00,126.0,82.04242285497703,-75.84859848493711,239.9334441948912
2017-01-30 19:00:00,71.0,82.042422854977,-75.84859848493714,239.93344419489114
2017-01-30 20:00:00,64.0,82.04242285497696,-75.84859848493718,239.9334441948911
2017-01-30 21:00:00,57.0,82.04242285497692,-75.84859848493723,239.93344419489108
2017-01-30 22:00:00,59.0,82.04242285497689,-75.84859848493726,239.93344419489102
2017-01-30 23:00:00,70.0,82.04242285497686,-75.84859848493728,239.93344419489102
2017-01-31 00:00:00,70.0,82.04242285497682,-75.84859848493733,239.93344419489097
2017-01-31 01:00:00,78.0,82.04242285497679,-75.84859848493736,239.93344419489094
2017-01-31 02:00:00,86.0,82.04242285497676,-75.84859848493738,239.9334441948909
2017-01-31 03:00:00,95.0,82.04242285497673,-75.84859848493741,239.93344419489088
2017-01-31 04:00:00,98.0,82.0424228549767,-75.84859848493744,239.93344419489085
2017-01-31 05:00:00,104.0,82.04242285497669,-75.84859848493745,239.93344419489085
2017-01-31 06:00:00,86.0,82.04242285497666,-75.84859848493748,239.9334441948908
2017-01-31 07:00:00,94.0,82.04242285497664,-75.84859848493751,239.9334441948908
2017-01-31 08:00:00,93.0,82.04242285497662,-75.84859848493753,239.93344419489077
2017-01-31 09:00:00,100.0,82.04242285497659,-75.84859848493755,239.93344419489074
2017-01-31 10:00:00,85.0,82.04242285497658,-75.84859848493757,239.93344419489074
2017-01-31 11:00:00,81.0,82.04242285497656,-75.84859848493758,239.9334441948907
2017-01-31 12:00:00,79.0,82.04242285497654,-75.84859848493761,239.93344419489068
2017-01-31 13:00:00,68.0,82.04242285497652,-75.84859848493763,239.93344419489068
2017-01-31 14:00:00,50.0,82.04242285497651,-75.84859848493764,239.93344419489065
2017-01-31 15:00:00,55.0,82.0424228549765,-75.84859848493765,239.93344419489063
2017-01-31 16:00:00,72.0,82.04242285497648,-75.84859848493767,239.93344419489063
2017-01-31 17:00:00,80.0,82.04242285497646,-75.84859848493768,239.93344419489063
2017-01-31 18:00:00,72.0,82.04242285497645,-75.8485984849377,239.9334441948906
2017-01-31 19:00:00,91.0,82.04242285497644,-75.84859848493771,239.93344419489057
2017-01-31 20:00:00,73.0,82.04242285497642,-75.84859848493772,239.93344419489057
2017-01-31 21:00:00,24.0,82.04242285497641,-75.84859848493774,239.93344419489057
2017-01-31 22:00:00,10.0,82.0424228549764,-75.84859848493775,239.93344419489054
2017-01-31 23:00:00,3.0,82.0424228549764,-75.84859848493775,239.93344419489054
2017-02-01 00:00:00,5.0,82.04242285497638,-75.84859848493777,239.9334441948905
2017-02-01 01:00:00,5.0,82.04242285497637,-75.84859848493778,239.9334441948905
2017-02-01 02:00:00,7.0,82.04242285497637,-75.84859848493778,239.9334441948905
2017-02-01 03:00:00,6.0,82.04242285497635,-75.8485984849378,239.9334441948905
2017-02-01 04:00:00,8.0,82.04242285497634,-75.84859848493781,239.93344419489048
2017-02-01 05:00:00,8.0,82.04242285497634,-75.84859848493781,239.93344419489048
2017-02-01 06:00:00,6.0,82.04242285497632,-75.84859848493782,239.93344419489046
2017-02-01 07:00:00,5.0,82.04242285497632,-75.84859848493782,239.93344419489046
2017-02-01 08:00:00,7.0,82.04242285497631,-75.84859848493784,239.93344419489046
2017-02-01 09:00:00,9.0,82.04242285497631,-75.84859848493784,239.93344419489046
2017-02-01 10:00:00,10.0,82.0424228549763,-75.84859848493785,239.93344419489046
2017-02-01 11:00:00,6.0,82.0424228549763,-75.84859848493785,239.93344419489046
2017-02-01 12:00:00,9.0,82.04242285497628,-75.84859848493787,239.93344419489043
2017-02-01 13:00:00,15.0,82.04242285497628,-75.84859848493787,239.93344419489043
2017-02-01 14:00:00,8.0,82.04242285497628,-75.84859848493787,239.93344419489043
2017-02-01 15:00:00,10.0,82.04242285497627,-75.84859848493788,239.9334441948904
2017-02-01 16:00:00,17.0,82.04242285497627,-75.84859848493788,239.9334441948904
2017-02-01 17:00:00,20.0,82.04242285497627,-75.84859848493788,239.9334441948904
2017-02-01 18:00:00,3.0,82.04242285497625,-75.8485984849379,239.9334441948904
2017-02-01 19:00:00,44.0,82.04242285497625,-75.8485984849379,239.9334441948904
2017-02-01 20:00:00,89.0,82.04242285497625,-75.8485984849379,239.9334441948904
2017-02-01 21:00:00,126.0,82.04242285497625,-75.8485984849379,239.9334441948904
2017-02-01 22:00:00,129.0,82.04242285497624,-75.84859848493791,239.9334441948904
2017-02-01 23:00:00,146.0,82.04242285497624,-75.84859848493791,239.9334441948904
2017-02-02 00:00:00,154.0,82.04242285497624,-75.84859848493791,239.9334441948904
2017-02-02 01:00:00,124.0,82.04242285497624,-75.84859848493791,239.9334441948904
2017-02-02 02:00:00,133.0,82.04242285497622,-75.84859848493792,239.93344419489037
2017-02-02 03:00:00,121.0,82.04242285497622,-75.84859848493792,239.93344419489037
2017-02-02 04:00:00,37.0,82.04242285497622,-75.84859848493792,239.93344419489037
2017-02-02 05:00:00,34.0,82.04242285497622,-75.84859848493792,239.93344419489037
2017-02-02 06:00:00,31.0,82.04242285497622,-75.84859848493792,239.93344419489037
2017-02-02 07:00:00,38.0,82.04242285497621,-75.84859848493794,239.93344419489034
2017-02-02 08:00:00,37.0,82.04242285497621,-75.84859848493794,239.93344419489034
2017-02-02 09:00:00,42.0,82.04242285497621,-75.84859848493794,239.93344419489034
2017-02-02 10:00:00,41.0,82.04242285497621,-75.84859848493794,239.93344419489034
2017-02-02 11:00:00,51.0,82.04242285497621,-75.84859848493794,239.93344419489034
2017-02-02 12:00:00,58.0,82.04242285497621,-75.84859848493794,239.93344419489034
2017-02-02 13:00:00,61.0,82.04242285497621,-75.84859848493794,239.93344419489034
2017-02-02 14:00:00,63.0,82.0424228549762,-75.84859848493795,239.93344419489034
2017-02-02 15:00:00,70.0,82.0424228549762,-75.84859848493795,239.93344419489034
2017-02-02 16:00:00,71.0,82.0424228549762,-75.84859848493795,239.93344419489034
2017-02-02 17:00:00,72.0,82.0424228549762,-75.84859848493795,239.93344419489034
2017-02-02 18:00:00,87.0,82.0424228549762,-75.84859848493795,239.93344419489034
2017-02-02 19:00:00,119.0,82.0424228549762,-75.84859848493795,239.93344419489034
2017-02-02 20:00:00,132.0,82.0424228549762,-75.84859848493795,239.93344419489034
2017-02-02 21:00:00,147.0,82.0424228549762,-75.84859848493795,239.93344419489034
2017-02-02 22:00:00,150.0,82.0424228549762,-75.84859848493795,239.93344419489034
2017-02-02 23:00:00,156.0,82.0424228549762,-75.84859848493795,239.93344419489034
2017-02-03 00:00:00,148.0,82.0424228549762,-75.84859848493795,239.93344419489034
2017-02-03 01:00:00,145.0,82.04242285497618,-75.84859848493797,239.93344419489034
2017-02-03 02:00:00,166.0,82.04242285497618,-75.84859848493797,239.93344419489034
2017-02-03 03:00:00,168.0,82.04242285497618,-75.84859848493797,239.93344419489034
2017-02-03 04:00:00,140.0,82.04242285497618,-75.84859848493797,239.93344419489034
2017-02-03 05:00:00,112.0,82.04242285497618,-75.84859848493797,239.93344419489034
2017-02-03 06:00:00,103.0,82.04242285497618,-75.84859848493797,239.93344419489034
2017-02-03 07:00:00,100.0,82.04242285497618,-75.84859848493797,239.93344419489034
2017-02-03 08:00:00,102.0,82.04242285497618,-75.84859848493797,239.93344419489034
2017-02-03 09:00:00,97.0,82.04242285497618,-75.84859848493797,239.93344419489034
2017-02-03 10:00:00,63.0,82.04242285497618,-75.84859848493797,239.93344419489034
2017-02-03 11:00:00,66.0,82.04242285497618,-75.84859848493797,239.93344419489034
2017-02-03 12:00:00,79.0,82.04242285497618,-75.84859848493797,239.93344419489034
2017-02-03 13:00:00,103.0,82.04242285497618,-75.84859848493797,239.93344419489034
2017-02-03 14:00:00,116.0,82.04242285497618,-75.84859848493797,239.93344419489034
2017-02-03 15:00:00,127.0,82.04242285497618,-75.84859848493797,239.93344419489034
2017-02-03 16:00:00,156.0,82.04242285497618,-75.84859848493797,239.93344419489034
2017-02-03 17:00:00,219.0,82.04242285497618,-75.84859848493797,239.93344419489034
2017-02-03 18:00:00,232.0,82.04242285497618,-75.84859848493797,239.93344419489034
2017-02-03 19:00:00,245.0,82.04242285497618,-75.84859848493797,239.93344419489034
2017-02-03 20:00:00,251.0,82.04242285497618,-75.84859848493797,239.93344419489034
2017-02-03 21:00:00,299.0,82.04242285497618,-75.84859848493797,239.93344419489034
2017-02-03 22:00:00,319.0,82.04242285497618,-75.84859848493797,239.93344419489034
2017-02-03 23:00:00,317.0,82.04242285497618,-75.84859848493797,239.93344419489034
2017-02-04 00:00:00,321.0,82.04242285497617,-75.84859848493798,239.9334441948903
2017-02-04 01:00:00,316.0,82.04242285497617,-75.84859848493798,239.9334441948903
2017-02-04 02:00:00,317.0,82.04242285497617,-75.84859848493798,239.9334441948903
2017-02-04 03:00:00,339.0,82.04242285497617,-75.84859848493798,239.9334441948903
2017-02-04 04:00:00,351.0,82.04242285497617,-75.84859848493798,239.9334441948903
2017-02-04 05:00:00,343.0,82.04242285497617,-75.84859848493798,239.9334441948903
2017-02-04 06:00:00,359.0,82.04242285497617,-75.84859848493798,239.9334441948903
2017-02-04 07:00:00,331.0,82.04242285497617,-75.84859848493798,239.9334441948903
2017-02-04 08:00:00,311.0,82.04242285497617,-75.84859848493798,239.9334441948903
2017-02-04 09:00:00,303.0,82.04242285497617,-75.84859848493798,239.9334441948903
2017-02-04 10:00:00,288.0,82.04242285497617,-75.84859848493798,239.9334441948903
2017-02-04 11:00:00,281.0,82.04242285497617,-75.84859848493798,239.9334441948903
2017-02-04 12:00:00,300.0,82.04242285497617,-75.84859848493798,239.9334441948903
2017-02-04 13:00:00,284.0,82.04242285497617,-75.84859848493798,239.9334441948903
2017-02-04 14:00:00,251.0,82.04242285497617,-75.84859848493798,239.9334441948903
2017-02-04 15:00:00,213.0,82.04242285497617,-75.84859848493798,239.9334441948903
2017-02-04 16:00:00,258.0,82.04242285497617,-75.84859848493798,239.9334441948903
2017-02-04 17:00:00,348.0,82.04242285497617,-75.84859848493798,239.9334441948903
2017-02-04 18:00:00,327.0,82.04242285497617,-75.84859848493798,239.9334441948903
2017-02-04 19:00:00,279.0,82.04242285497617,-75.84859848493798,239.9334441948903
2017-02-04 20:00:00,82.0,82.04242285497617,-75.84859848493798,239.9334441948903
2017-02-04 21:00:00,25.0,82.04242285497617,-75.84859848493798,239.9334441948903
2017-02-04 22:00:00,9.0,82.04242285497617,-75.84859848493798,239.9334441948903
2017-02-04 23:00:00,8.0,82.04242285497617,-75.84859848493798,239.9334441948903
2017-02-05 00:00:00,10.0,82.04242285497617,-75.84859848493798,239.9334441948903
2017-02-05 01:00:00,11.0,82.04242285497617,-75.84859848493798,239.9334441948903
2017-02-05 02:00:00,17.0,82.04242285497617,-75.84859848493798,239.9334441948903
2017-02-05 03:00:00,17.0,82.04242285497617,-75.84859848493798,239.9334441948903
2017-02-05 04:00:00,19.0,82.04242285497617,-75.84859848493798,239.9334441948903
2017-02-05 05:00:00,20.0,82.04242285497617,-75.84859848493798,239.9334441948903
2017-02-05 06:00:00,18.0,82.04242285497617,-75.84859848493798,239.9334441948903
2017-02-05 07:00:00,15.0,82.04242285497617,-75.84859848493798,239.9334441948903
2017-02-05 08:00:00,10.0,82.04242285497617,-75.84859848493798,239.9334441948903
2017-02-05 09:00:00,8.0,82.04242285497617,-75.84859848493798,239.9334441948903
2017-02-05 10:00:00,7.0,82.04242285497617,-75.84859848493798,239.9334441948903
2017-02-05 11:00:00,10.0,82.04242285497617,-75.84859848493798,239.9334441948903
2017-02-05 12:00:00,8.0,82.04242285497617,-75.84859848493798,239.9334441948903
2017-02-05 13:00:00,9.0,82.04242285497617,-75.84859848493798,239.9334441948903
2017-02-05 14:00:00,9.0,82.04242285497617,-75.84859848493798,239.9334441948903
2017-02-05 15:00:00,9.0,82.04242285497617,-75.84859848493798,239.9334441948903
2017-02-05 16:00:00,18.0,82.04242285497617,-75.84859848493798,239.9334441948903
2017-02-05 17:00:00,18.0,82.04242285497617,-75.84859848493798,239.9334441948903
2017-02-05 18:00:00,10.0,82.04242285497617,-75.84859848493798,239.9334441948903
2017-02-05 19:00:00,7.0,82.04242285497617,-75.84859848493798,239.9334441948903
2017-02-05 20:00:00,7.0,82.04242285497617,-75.84859848493798,239.9334441948903
2017-02-05 21:00:00,9.0,82.04242285497617,-75.84859848493798,239.9334441948903
2017-02-05 22:00:00,8.0,82.04242285497617,-75.84859848493798,239.9334441948903
2017-02-05 23:00:00,11.0,82.04242285497617,-75.84859848493798,239.9334441948903
2017-02-06 00:00:00,8.0,82.04242285497617,-75.84859848493798,239.9334441948903
2017-02-06 01:00:00,10.0,82.04242285497617,-75.84859848493798,239.9334441948903
2017-02-06 02:00:00,9.0,82.04242285497617,-75.84859848493798,239.9334441948903
2017-02-06 03:00:00,6.0,82.04242285497617,-75.84859848493798,239.9334441948903
2017-02-06 04:00:00,5.0,82.04242285497617,-75.84859848493798,239.9334441948903
2017-02-06 05:00:00,7.0,82.04242285497617,-75.84859848493798,239.9334441948903
2017-02-06 06:00:00,3.0,82.04242285497617,-75.84859848493798,239.9334441948903
2017-02-06 07:00:00,6.0,82.04242285497617,-75.84859848493798,239.9334441948903
2017-02-06 08:00:00,5.0,82.04242285497617,-75.84859848493798,239.9334441948903
2017-02-06 09:00:00,7.0,82.04242285497617,-75.84859848493798,239.9334441948903
2017-02-06 10:00:00,6.0,82.04242285497617,-75.84859848493798,239.9334441948903
2017-02-06 11:00:00,7.0,82.04242285497617,-75.84859848493798,239.9334441948903
2017-02-06 12:00:00,5.0,82.04242285497617,-75.84859848493798,239.9334441948903
2017-02-06 13:00:00,3.0,82.04242285497617,-75.84859848493798,239.9334441948903
2017-02-06 14:00:00,3.0,82.04242285497617,-75.84859848493798,239.9334441948903
2017-02-06 15:00:00,4.0,82.04242285497617,-75.84859848493798,239.9334441948903
2017-02-06 16:00:00,6.0,82.04242285497617,-75.84859848493798,239.9334441948903
2017-02-06 17:00:00,13.0,82.04242285497617,-75.84859848493798,239.9334441948903
2017-02-06 18:00:00,7.0,82.04242285497617,-75.84859848493798,239.9334441948903
2017-02-06 19:00:00,21.0,82.04242285497617,-75.84859848493798,239.9334441948903
2017-02-06 20:00:00,26.0,82.04242285497617,-75.84859848493798,239.9334441948903
2017-02-06 21:00:00,30.0,82.04242285497617,-75.84859848493798,239.9334441948903
2017-02-06 22:00:00,38.0,82.04242285497617,-75.84859848493798,239.9334441948903
2017-02-06 23:00:00,35.0,82.04242285497617,-75.84859848493798,239.9334441948903
2017-02-07 00:00:00,40.0,82.04242285497617,-75.84859848493798,239.9334441948903
2017-02-07 01:00:00,56.0,82.04242285497617,-75.84859848493798,239.9334441948903
2017-02-07 02:00:00,68.0,82.04242285497617,-75.84859848493798,239.9334441948903
2017-02-07 03:00:00,70.0,82.04242285497617,-75.84859848493798,239.9334441948903
2017-02-07 04:00:00,67.0,82.04242285497617,-75.84859848493798,239.9334441948903
2017-02-07 05:00:00,66.0,82.04242285497617,-75.84859848493798,239.9334441948903
2017-02-07 06:00:00,70.0,82.04242285497617,-75.84859848493798,239.9334441948903
2017-02-07 07:00:00,69.0,82.04242285497617,-75.84859848493798,239.9334441948903
2017-02-07 08:00:00,76.0,82.04242285497617,-75.84859848493798,239.9334441948903
2017-02-07 09:00:00,78.0,82.04242285497617,-75.84859848493798,239.9334441948903
2017-02-07 10:00:00,90.0,82.04242285497617,-75.84859848493798,239.9334441948903
2017-02-07 11:00:00,73.0,82.04242285497617,-75.84859848493798,239.9334441948903
2017-02-07 12:00:00,40.0,82.04242285497617,-75.84859848493798,239.9334441948903
2017-02-07 13:00:00,38.0,82.04242285497617,-75.84859848493798,239.9334441948903
2017-02-07 14:00:00,45.0,82.04242285497617,-75.84859848493798,239.9334441948903
2017-02-07 15:00:00,59.0,82.04242285497617,-75.84859848493798,239.9334441948903
2017-02-07 16:00:00,88.0,82.04242285497617,-75.84859848493798,239.9334441948903
2017-02-07 17:00:00,101.0,82.04242285497617,-75.84859848493798,239.9334441948903
2017-02-07 18:00:00,110.0,82.04242285497617,-75.84859848493798,239.9334441948903
2017-02-07 19:00:00,110.0,82.04242285497617,-75.84859848493798,239.9334441948903
2017-02-07 20:00:00,118.0,82.04242285497617,-75.84859848493798,239.9334441948903
2017-02-07 21:00:00,107.0,82.04242285497617,-75.84859848493798,239.9334441948903
2017-02-07 22:00:00,106.0,82.04242285497617,-75.84859848493798,239.9334441948903
2017-02-07 23:00:00,114.0,82.04242285497617,-75.84859848493798,239.9334441948903
2017-02-08 00:00:00,113.0,82.04242285497617,-75.84859848493798,239.9334441948903
2017-02-08 01:00:00,117.0,82.04242285497617,-75.84859848493798,239.9334441948903
2017-02-08 02:00:00,118.0,82.04242285497617,-75.84859848493798,239.9334441948903
2017-02-08 03:00:00,118.0,82.04242285497617,-75.84859848493798,239.9334441948903
2017-02-08 04:00:00,111.0,82.04242285497617,-75.84859848493798,239.9334441948903
2017-02-08 05:00:00,102.0,82.04242285497617,-75.84859848493798,239.9334441948903
2017-02-08 06:00:00,63.0,82.04242285497617,-75.84859848493798,239.9334441948903
2017-02-08 07:00:00,10.0,82.04242285497617,-75.84859848493798,239.9334441948903
2017-02-08 08:00:00,8.0,82.04242285497617,-75.84859848493798,239.9334441948903
2017-02-08 09:00:00,9.0,82.04242285497617,-75.84859848493798,239.9334441948903
2017-02-08 10:00:00,12.0,82.04242285497617,-75.84859848493798,239.9334441948903
2017-02-08 11:00:00,10.0,82.04242285497617,-75.84859848493798,239.9334441948903
2017-02-08 12:00:00,7.0,82.04242285497617,-75.84859848493798,239.9334441948903
2017-02-08 13:00:00,14.0,82.04242285497617,-75.84859848493798,239.9334441948903
2017-02-08 14:00:00,12.0,82.04242285497617,-75.84859848493798,239.9334441948903
2017-02-08 15:00:00,7.0,82.04242285497617,-75.84859848493798,239.9334441948903
2017-02-08 16:00:00,14.0,82.04242285497617,-75.84859848493798,239.9334441948903
2017-02-08 17:00:00,11.0,82.04242285497617,-75.84859848493798,239.9334441948903
2017-02-08 18:00:00,6.0,82.04242285497617,-75.84859848493798,239.9334441948903
2017-02-08 19:00:00,8.0,82.04242285497617,-75.84859848493798,239.9334441948903
2017-02-08 20:00:00,9.0,82.04242285497617,-75.84859848493798,239.9334441948903
2017-02-08 21:00:00,6.0,82.04242285497617,-75.84859848493798,239.9334441948903
2017-02-08 22:00:00,9.0,82.04242285497617,-75.84859848493798,239.9334441948903
2017-02-08 23:00:00,8.0,82.04242285497617,-75.84859848493798,239.9334441948903
2017-02-09 00:00:00,10.0,82.04242285497617,-75.84859848493798,239.9334441948903
2017-02-09 01:00:00,6.0,82.04242285497617,-75.84859848493798,239.9334441948903
2017-02-09 02:00:00,9.0,82.04242285497617,-75.84859848493798,239.9334441948903
2017-02-09 03:00:00,8.5,82.04242285497617,-75.84859848493798,239.9334441948903
2017-02-09 04:00:00,8.0,82.04242285497617,-75.84859848493798,239.9334441948903
2017-02-09 05:00:00,6.0,82.04242285497617,-75.84859848493798,239.9334441948903
2017-02-09 06:00:00,4.0,82.04242285497617,-75.84859848493798,239.9334441948903
2017-02-09 07:00:00,7.0,82.04242285497617,-75.84859848493798,239.9334441948903
2017-02-09 08:00:00,6.0,82.04242285497617,-75.84859848493798,239.9334441948903
2017-02-09 09:00:00,7.0,82.04242285497617,-75.84859848493798,239.9334441948903
2017-02-09 10:00:00,6.0,82.04242285497617,-75.84859848493798,239.9334441948903
2017-02-09 11:00:00,4.0,82.04242285497617,-75.84859848493798,239.9334441948903
2017-02-09 12:00:00,8.0,82.04242285497617,-75.84859848493798,239.9334441948903
2017-02-09 13:00:00,7.0,82.04242285497617,-75.84859848493798,239.9334441948903
2017-02-09 14:00:00,11.0,82.04242285497617,-75.84859848493798,239.9334441948903
2017-02-09 15:00:00,11.0,82.04242285497617,-75.84859848493798,239.9334441948903
2017-02-09 16:00:00,8.0,82.04242285497617,-75.84859848493798,239.9334441948903
2017-02-09 17:00:00,4.0,82.04242285497617,-75.84859848493798,239.9334441948903
2017-02-09 18:00:00,3.0,82.04242285497617,-75.84859848493798,239.9334441948903
2017-02-09 19:00:00,7.0,82.04242285497617,-75.84859848493798,239.9334441948903
2017-02-09 20:00:00,7.0,82.04242285497617,-75.84859848493798,239.9334441948903
2017-02-09 21:00:00,8.0,82.04242285497617,-75.84859848493798,239.9334441948903
2017-02-09 22:00:00,8.0,82.04242285497617,-75.84859848493798,239.9334441948903
2017-02-09 23:00:00,6.0,82.04242285497617,-75.84859848493798,239.9334441948903
2017-02-10 00:00:00,5.0,82.04242285497617,-75.84859848493798,239.9334441948903
2017-02-10 01:00:00,8.0,82.04242285497617,-75.84859848493798,239.9334441948903
2017-02-10 02:00:00,4.0,82.04242285497617,-75.84859848493798,239.9334441948903
2017-02-10 03:00:00,8.0,82.04242285497617,-75.84859848493798,239.9334441948903
2017-02-10 04:00:00,4.0,82.04242285497617,-75.84859848493798,239.9334441948903
2017-02-10 05:00:00,5.0,82.04242285497617,-75.84859848493798,239.9334441948903
2017-02-10 06:00:00,3.0,82.04242285497617,-75.84859848493798,239.9334441948903
2017-02-10 07:00:00,7.0,82.04242285497617,-75.84859848493798,239.9334441948903
2017-02-10 08:00:00,6.0,82.04242285497617,-75.84859848493798,239.9334441948903
2017-02-10 09:00:00,7.0,82.04242285497617,-75.84859848493798,239.9334441948903
2017-02-10 10:00:00,10.0,82.04242285497617,-75.84859848493798,239.9334441948903
2017-02-10 11:00:00,9.0,82.04242285497617,-75.84859848493798,239.9334441948903
2017-02-10 12:00:00,5.0,82.04242285497617,-75.84859848493798,239.9334441948903
2017-02-10 13:00:00,9.0,82.04242285497617,-75.84859848493798,239.9334441948903
2017-02-10 14:00:00,7.0,82.04242285497617,-75.84859848493798,239.9334441948903
2017-02-10 15:00:00,6.0,82.04242285497617,-75.84859848493798,239.9334441948903
2017-02-10 16:00:00,9.0,82.04242285497617,-75.84859848493798,239.9334441948903
2017-02-10 17:00:00,6.0,82.04242285497617,-75.84859848493798,239.9334441948903
2017-02-10 18:00:00,8.0,82.04242285497617,-75.84859848493798,239.9334441948903
2017-02-10 19:00:00,6.0,82.04242285497617,-75.84859848493798,239.9334441948903
2017-02-10 20:00:00,9.0,82.04242285497617,-75.84859848493798,239.9334441948903
2017-02-10 21:00:00,7.0,82.04242285497617,-75.84859848493798,239.9334441948903
2017-02-10 22:00:00,8.0,82.04242285497617,-75.84859848493798,239.9334441948903
2017-02-10 23:00:00,13.0,82.04242285497617,-75.84859848493798,239.9334441948903
2017-02-11 00:00:00,9.0,82.04242285497617,-75.84859848493798,239.9334441948903
2017-02-11 01:00:00,12.0,82.04242285497617,-75.84859848493798,239.9334441948903
2017-02-11 02:00:00,11.0,82.04242285497617,-75.84859848493798,239.9334441948903
2017-02-11 03:00:00,11.0,82.04242285497617,-75.84859848493798,239.9334441948903
2017-02-11 04:00:00,19.0,82.04242285497617,-75.84859848493798,239.9334441948903
2017-02-11 05:00:00,18.0,82.04242285497617,-75.84859848493798,239.9334441948903
2017-02-11 06:00:00,15.0,82.04242285497617,-75.84859848493798,239.9334441948903
2017-02-11 07:00:00,11.0,82.04242285497617,-75.84859848493798,239.9334441948903
2017-02-11 08:00:00,13.0,82.04242285497617,-75.84859848493798,239.9334441948903
2017-02-11 09:00:00,22.0,82.04242285497617,-75.84859848493798,239.9334441948903
2017-02-11 10:00:00,19.0,82.04242285497617,-75.84859848493798,239.9334441948903
2017-02-11 11:00:00,17.0,82.04242285497617,-75.84859848493798,239.9334441948903
2017-02-11 12:00:00,14.0,82.04242285497617,-75.84859848493798,239.9334441948903
2017-02-11 13:00:00,10.0,82.04242285497617,-75.84859848493798,239.9334441948903
2017-02-11 14:00:00,3.0,82.04242285497617,-75.84859848493798,239.9334441948903
2017-02-11 15:00:00,14.0,82.04242285497617,-75.84859848493798,239.9334441948903
2017-02-11 16:00:00,13.0,82.04242285497617,-75.84859848493798,239.9334441948903
2017-02-11 17:00:00,30.0,82.04242285497617,-75.84859848493798,239.9334441948903
2017-02-11 18:00:00,49.0,82.04242285497617,-75.84859848493798,239.9334441948903
2017-02-11 19:00:00,56.0,82.04242285497617,-75.84859848493798,239.9334441948903
2017-02-11 20:00:00,90.0,82.04242285497617,-75.84859848493798,239.9334441948903
2017-02-11 21:00:00,139.0,82.04242285497617,-75.84859848493798,239.9334441948903
2017-02-11 22:00:00,185.0,82.04242285497617,-75.84859848493798,239.9334441948903
2017-02-11 23:00:00,237.0,82.04242285497617,-75.84859848493798,239.9334441948903
2017-02-12 00:00:00,220.0,82.04242285497617,-75.84859848493798,239.9334441948903
2017-02-12 01:00:00,214.0,82.04242285497617,-75.84859848493798,239.9334441948903
2017-02-12 02:00:00,113.0,82.04242285497617,-75.84859848493798,239.9334441948903
2017-02-12 03:00:00,101.0,82.04242285497617,-75.84859848493798,239.9334441948903
2017-02-12 04:00:00,46.0,82.04242285497617,-75.84859848493798,239.9334441948903
2017-02-12 05:00:00,31.0,82.04242285497617,-75.84859848493798,239.9334441948903
2017-02-12 06:00:00,30.0,82.04242285497617,-75.84859848493798,239.9334441948903
2017-02-12 07:00:00,44.0,82.04242285497617,-75.84859848493798,239.9334441948903
2017-02-12 08:00:00,60.0,82.04242285497617,-75.84859848493798,239.9334441948903
2017-02-12 09:00:00,69.0,82.04242285497617,-75.84859848493798,239.9334441948903
2017-02-12 10:00:00,93.0,82.04242285497617,-75.84859848493798,239.9334441948903
2017-02-12 11:00:00,126.0,82.04242285497617,-75.84859848493798,239.9334441948903
2017-02-12 12:00:00,118.0,82.04242285497617,-75.84859848493798,239.9334441948903
2017-02-12 13:00:00,116.0,82.04242285497617,-75.84859848493798,239.9334441948903
2017-02-12 14:00:00,114.0,82.04242285497617,-75.84859848493798,239.9334441948903
2017-02-12 15:00:00,98.0,82.04242285497617,-75.84859848493798,239.9334441948903
2017-02-12 16:00:00,109.0,82.04242285497617,-75.84859848493798,239.9334441948903
2017-02-12 17:00:00,97.0,82.04242285497617,-75.84859848493798,239.9334441948903
2017-02-12 18:00:00,107.0,82.04242285497617,-75.84859848493798,239.9334441948903
2017-02-12 19:00:00,113.0,82.04242285497617,-75.84859848493798,239.9334441948903
2017-02-12 20:00:00,102.0,82.04242285497617,-75.84859848493798,239.9334441948903
2017-02-12 21:00:00,122.0,82.04242285497617,-75.84859848493798,239.9334441948903
2017-02-12 22:00:00,129.0,82.04242285497617,-75.84859848493798,239.9334441948903
2017-02-12 23:00:00,135.0,82.04242285497617,-75.84859848493798,239.9334441948903
2017-02-13 00:00:00,151.0,82.04242285497617,-75.84859848493798,239.9334441948903
2017-02-13 01:00:00,191.0,82.04242285497617,-75.84859848493798,239.9334441948903
2017-02-13 02:00:00,198.0,82.04242285497617,-75.84859848493798,239.9334441948903
2017-02-13 03:00:00,198.0,82.04242285497617,-75.84859848493798,239.9334441948903
2017-02-13 04:00:00,178.0,82.04242285497617,-75.84859848493798,239.9334441948903
2017-02-13 05:00:00,131.0,82.04242285497617,-75.84859848493798,239.9334441948903
2017-02-13 06:00:00,134.0,82.04242285497617,-75.84859848493798,239.9334441948903
2017-02-13 07:00:00,119.0,82.04242285497617,-75.84859848493798,239.9334441948903
2017-02-13 08:00:00,73.0,82.04242285497617,-75.84859848493798,239.9334441948903
2017-02-13 09:00:00,72.0,82.04242285497617,-75.84859848493798,239.9334441948903
2017-02-13 10:00:00,65.0,82.04242285497617,-75.84859848493798,239.9334441948903
2017-02-13 11:00:00,45.0,82.04242285497617,-75.84859848493798,239.9334441948903
2017-02-13 12:00:00,29.0,82.04242285497617,-75.84859848493798,239.9334441948903
2017-02-13 13:00:00,15.0,82.04242285497617,-75.84859848493798,239.9334441948903
2017-02-13 14:00:00,14.0,82.04242285497617,-75.84859848493798,239.9334441948903
2017-02-13 15:00:00,16.0,82.04242285497617,-75.84859848493798,239.9334441948903
2017-02-13 16:00:00,18.0,82.04242285497617,-75.84859848493798,239.9334441948903
2017-02-13 17:00:00,21.0,82.04242285497617,-75.84859848493798,239.9334441948903
2017-02-13 18:00:00,24.0,82.04242285497617,-75.84859848493798,239.9334441948903
2017-02-13 19:00:00,24.0,82.04242285497617,-75.84859848493798,239.9334441948903
2017-02-13 20:00:00,89.0,82.04242285497617,-75.84859848493798,239.9334441948903
2017-02-13 21:00:00,101.0,82.04242285497617,-75.84859848493798,239.9334441948903
2017-02-13 22:00:00,144.0,82.04242285497617,-75.84859848493798,239.9334441948903
2017-02-13 23:00:00,180.0,82.04242285497617,-75.84859848493798,239.9334441948903
2017-02-14 00:00:00,159.0,82.04242285497617,-75.84859848493798,239.9334441948903
2017-02-14 01:00:00,137.0,82.04242285497617,-75.84859848493798,239.9334441948903
2017-02-14 02:00:00,144.0,82.04242285497617,-75.84859848493798,239.9334441948903
2017-02-14 03:00:00,149.0,82.04242285497617,-75.84859848493798,239.9334441948903
2017-02-14 04:00:00,148.0,82.04242285497617,-75.84859848493798,239.9334441948903
2017-02-14 05:00:00,148.0,82.04242285497617,-75.84859848493798,239.9334441948903
2017-02-14 06:00:00,139.0,82.04242285497617,-75.84859848493798,239.9334441948903
2017-02-14 07:00:00,151.0,82.04242285497617,-75.84859848493798,239.9334441948903
2017-02-14 08:00:00,148.0,82.04242285497617,-75.84859848493798,239.9334441948903
2017-02-14 09:00:00,140.0,82.04242285497617,-75.84859848493798,239.9334441948903
2017-02-14 10:00:00,149.0,82.04242285497617,-75.84859848493798,239.9334441948903
2017-02-14 11:00:00,170.0,82.04242285497617,-75.84859848493798,239.9334441948903
2017-02-14 12:00:00,196.0,82.04242285497617,-75.84859848493798,239.9334441948903
2017-02-14 13:00:00,198.0,82.04242285497617,-75.84859848493798,239.9334441948903
2017-02-14 14:00:00,215.0,82.04242285497617,-75.84859848493798,239.9334441948903
2017-02-14 15:00:00,213.0,82.04242285497617,-75.84859848493798,239.9334441948903
2017-02-14 16:00:00,214.0,82.04242285497617,-75.84859848493798,239.9334441948903
2017-02-14 17:00:00,210.0,82.04242285497617,-75.84859848493798,239.9334441948903
2017-02-14 18:00:00,205.0,82.04242285497617,-75.84859848493798,239.9334441948903
2017-02-14 19:00:00,210.0,82.04242285497617,-75.84859848493798,239.9334441948903
2017-02-14 20:00:00,211.0,82.04242285497617,-75.84859848493798,239.9334441948903
2017-02-14 21:00:00,227.0,82.04242285497617,-75.84859848493798,239.9334441948903
2017-02-14 22:00:00,247.0,82.04242285497617,-75.84859848493798,239.9334441948903
2017-02-14 23:00:00,260.0,82.04242285497617,-75.84859848493798,239.9334441948903
2017-02-15 00:00:00,277.0,82.04242285497617,-75.84859848493798,239.9334441948903
2017-02-15 01:00:00,261.0,82.04242285497617,-75.84859848493798,239.9334441948903
2017-02-15 02:00:00,244.0,82.04242285497617,-75.84859848493798,239.9334441948903
2017-02-15 03:00:00,236.0,82.04242285497617,-75.84859848493798,239.9334441948903
2017-02-15 04:00:00,225.0,82.04242285497617,-75.84859848493798,239.9334441948903
2017-02-15 05:00:00,240.0,82.04242285497617,-75.84859848493798,239.9334441948903
2017-02-15 06:00:00,241.0,82.04242285497617,-75.84859848493798,239.9334441948903
2017-02-15 07:00:00,230.0,82.04242285497617,-75.84859848493798,239.9334441948903
2017-02-15 08:00:00,232.0,82.04242285497617,-75.84859848493798,239.9334441948903
2017-02-15 09:00:00,234.0,82.04242285497617,-75.84859848493798,239.9334441948903
2017-02-15 10:00:00,245.0,82.04242285497617,-75.84859848493798,239.9334441948903
2017-02-15 11:00:00,249.0,82.04242285497617,-75.84859848493798,239.9334441948903
2017-02-15 12:00:00,265.0,82.04242285497617,-75.84859848493798,239.9334441948903
2017-02-15 13:00:00,229.0,82.04242285497617,-75.84859848493798,239.9334441948903
2017-02-15 14:00:00,3.0,82.04242285497617,-75.84859848493798,239.9334441948903
2017-02-15 15:00:00,3.0,82.04242285497617,-75.84859848493798,239.9334441948903
2017-02-15 16:00:00,173.0,82.04242285497617,-75.84859848493798,239.9334441948903
2017-02-15 17:00:00,253.0,82.04242285497617,-75.84859848493798,239.9334441948903
2017-02-15 18:00:00,269.0,82.04242285497617,-75.84859848493798,239.9334441948903
2017-02-15 19:00:00,275.0,82.04242285497617,-75.84859848493798,239.9334441948903
2017-02-15 20:00:00,285.0,82.04242285497617,-75.84859848493798,239.9334441948903
2017-02-15 21:00:00,255.0,82.04242285497617,-75.84859848493798,239.9334441948903
2017-02-15 22:00:00,263.0,82.04242285497617,-75.84859848493798,239.9334441948903
2017-02-15 23:00:00,276.0,82.04242285497617,-75.84859848493798,239.9334441948903
2017-02-16 00:00:00,295.0,82.04242285497617,-75.84859848493798,239.9334441948903
2017-02-16 01:00:00,299.0,82.04242285497617,-75.84859848493798,239.9334441948903
2017-02-16 02:00:00,285.0,82.04242285497617,-75.84859848493798,239.9334441948903
2017-02-16 03:00:00,277.0,82.04242285497617,-75.84859848493798,239.9334441948903
2017-02-16 04:00:00,284.0,82.04242285497617,-75.84859848493798,239.9334441948903
2017-02-16 05:00:00,275.0,82.04242285497617,-75.84859848493798,239.9334441948903
2017-02-16 06:00:00,270.0,82.04242285497617,-75.84859848493798,239.9334441948903
2017-02-16 07:00:00,270.0,82.04242285497617,-75.84859848493798,239.9334441948903
2017-02-16 08:00:00,236.0,82.04242285497617,-75.84859848493798,239.9334441948903
2017-02-16 09:00:00,185.0,82.04242285497617,-75.84859848493798,239.9334441948903
2017-02-16 10:00:00,82.0,82.04242285497617,-75.84859848493798,239.9334441948903
2017-02-16 11:00:00,41.0,82.04242285497617,-75.84859848493798,239.9334441948903
2017-02-16 12:00:00,14.0,82.04242285497617,-75.84859848493798,239.9334441948903
2017-02-16 13:00:00,15.0,82.04242285497617,-75.84859848493798,239.9334441948903
2017-02-16 14:00:00,11.0,82.04242285497617,-75.84859848493798,239.9334441948903
2017-02-16 15:00:00,4.0,82.04242285497617,-75.84859848493798,239.9334441948903
2017-02-16 16:00:00,10.0,82.04242285497617,-75.84859848493798,239.9334441948903
2017-02-16 17:00:00,14.0,82.04242285497617,-75.84859848493798,239.9334441948903
2017-02-16 18:00:00,9.0,82.04242285497617,-75.84859848493798,239.9334441948903
2017-02-16 19:00:00,9.0,82.04242285497617,-75.84859848493798,239.9334441948903
2017-02-16 20:00:00,11.0,82.04242285497617,-75.84859848493798,239.9334441948903
2017-02-16 21:00:00,8.0,82.04242285497617,-75.84859848493798,239.9334441948903
2017-02-16 22:00:00,8.0,82.04242285497617,-75.84859848493798,239.9334441948903
2017-02-16 23:00:00,5.0,82.04242285497617,-75.84859848493798,239.9334441948903
2017-02-17 00:00:00,6.0,82.04242285497617,-75.84859848493798,239.9334441948903
2017-02-17 01:00:00,6.0,82.04242285497617,-75.84859848493798,239.9334441948903
2017-02-17 02:00:00,5.0,82.04242285497617,-75.84859848493798,239.9334441948903
2017-02-17 03:00:00,7.0,82.04242285497617,-75.84859848493798,239.9334441948903
2017-02-17 04:00:00,10.0,82.04242285497617,-75.84859848493798,239.9334441948903
2017-02-17 05:00:00,9.0,82.04242285497617,-75.84859848493798,239.9334441948903
2017-02-17 06:00:00,10.0,82.04242285497617,-75.84859848493798,239.9334441948903
2017-02-17 07:00:00,9.0,82.04242285497617,-75.84859848493798,239.9334441948903
2017-02-17 08:00:00,9.0,82.04242285497617,-75.84859848493798,239.9334441948903
2017-02-17 09:00:00,9.0,82.04242285497617,-75.84859848493798,239.9334441948903
2017-02-17 10:00:00,8.0,82.04242285497617,-75.84859848493798,239.9334441948903
2017-02-17 11:00:00,6.0,82.04242285497617,-75.84859848493798,239.9334441948903
2017-02-17 12:00:00,8.0,82.04242285497617,-75.84859848493798,239.9334441948903
2017-02-17 13:00:00,8.0,82.04242285497617,-75.84859848493798,239.9334441948903
2017-02-17 14:00:00,6.0,82.04242285497617,-75.84859848493798,239.9334441948903
2017-02-17 15:00:00,7.0,82.04242285497617,-75.84859848493798,239.9334441948903
2017-02-17 16:00:00,9.0,82.04242285497617,-75.84859848493798,239.9334441948903
2017-02-17 17:00:00,27.0,82.04242285497617,-75.84859848493798,239.9334441948903
2017-02-17 18:00:00,49.0,82.04242285497617,-75.84859848493798,239.9334441948903
2017-02-17 19:00:00,64.0,82.04242285497617,-75.84859848493798,239.9334441948903
2017-02-17 20:00:00,57.0,82.04242285497617,-75.84859848493798,239.9334441948903
2017-02-17 21:00:00,53.0,82.04242285497617,-75.84859848493798,239.9334441948903
2017-02-17 22:00:00,52.0,82.04242285497617,-75.84859848493798,239.9334441948903
2017-02-17 23:00:00,50.0,82.04242285497617,-75.84859848493798,239.9334441948903
2017-02-18 00:00:00,56.0,82.04242285497617,-75.84859848493798,239.9334441948903
2017-02-18 01:00:00,67.0,82.04242285497617,-75.84859848493798,239.9334441948903
2017-02-18 02:00:00,71.0,82.04242285497617,-75.84859848493798,239.9334441948903
2017-02-18 03:00:00,87.0,82.04242285497617,-75.84859848493798,239.9334441948903
2017-02-18 04:00:00,80.0,82.04242285497617,-75.84859848493798,239.9334441948903
2017-02-18 05:00:00,74.0,82.04242285497617,-75.84859848493798,239.9334441948903
2017-02-18 06:00:00,74.0,82.04242285497617,-75.84859848493798,239.9334441948903
2017-02-18 07:00:00,71.0,82.04242285497617,-75.84859848493798,239.9334441948903
2017-02-18 08:00:00,70.0,82.04242285497617,-75.84859848493798,239.9334441948903
2017-02-18 09:00:00,79.0,82.04242285497617,-75.84859848493798,239.9334441948903
2017-02-18 10:00:00,75.0,82.04242285497617,-75.84859848493798,239.9334441948903
2017-02-18 11:00:00,89.0,82.04242285497617,-75.84859848493798,239.9334441948903
2017-02-18 12:00:00,94.0,82.04242285497617,-75.84859848493798,239.9334441948903
2017-02-18 13:00:00,91.0,82.04242285497617,-75.84859848493798,239.9334441948903
2017-02-18 14:00:00,87.0,82.04242285497617,-75.84859848493798,239.9334441948903
2017-02-18 15:00:00,87.0,82.04242285497617,-75.84859848493798,239.9334441948903
2017-02-18 16:00:00,92.0,82.04242285497617,-75.84859848493798,239.9334441948903
2017-02-18 17:00:00,75.0,82.04242285497617,-75.84859848493798,239.9334441948903
2017-02-18 18:00:00,62.0,82.04242285497617,-75.84859848493798,239.9334441948903
2017-02-18 19:00:00,75.0,82.04242285497617,-75.84859848493798,239.9334441948903
2017-02-18 20:00:00,90.0,82.04242285497617,-75.84859848493798,239.9334441948903
2017-02-18 21:00:00,103.0,82.04242285497617,-75.84859848493798,239.9334441948903
2017-02-18 22:00:00,108.0,82.04242285497617,-75.84859848493798,239.9334441948903
2017-02-18 23:00:00,123.0,82.04242285497617,-75.84859848493798,239.9334441948903
2017-02-19 00:00:00,129.0,82.04242285497617,-75.84859848493798,239.9334441948903
2017-02-19 01:00:00,134.0,82.04242285497617,-75.84859848493798,239.9334441948903
2017-02-19 02:00:00,144.0,82.04242285497617,-75.84859848493798,239.9334441948903
2017-02-19 03:00:00,161.0,82.04242285497617,-75.84859848493798,239.9334441948903
2017-02-19 04:00:00,169.0,82.04242285497617,-75.84859848493798,239.9334441948903
2017-02-19 05:00:00,170.0,82.04242285497617,-75.84859848493798,239.9334441948903
2017-02-19 06:00:00,167.0,82.04242285497617,-75.84859848493798,239.9334441948903
2017-02-19 07:00:00,168.0,82.04242285497617,-75.84859848493798,239.9334441948903
2017-02-19 08:00:00,169.0,82.04242285497617,-75.84859848493798,239.9334441948903
2017-02-19 09:00:00,162.0,82.04242285497617,-75.84859848493798,239.9334441948903
2017-02-19 10:00:00,162.0,82.04242285497617,-75.84859848493798,239.9334441948903
2017-02-19 11:00:00,169.0,82.04242285497617,-75.84859848493798,239.9334441948903
2017-02-19 12:00:00,195.0,82.04242285497617,-75.84859848493798,239.9334441948903
2017-02-19 13:00:00,189.0,82.04242285497617,-75.84859848493798,239.9334441948903
2017-02-19 14:00:00,168.0,82.04242285497617,-75.84859848493798,239.9334441948903
2017-02-19 15:00:00,91.0,82.04242285497617,-75.84859848493798,239.9334441948903
2017-02-19 16:00:00,17.0,82.04242285497617,-75.84859848493798,239.9334441948903
2017-02-19 17:00:00,13.0,82.04242285497617,-75.84859848493798,239.9334441948903
2017-02-19 18:00:00,7.0,82.04242285497617,-75.84859848493798,239.9334441948903
2017-02-19 19:00:00,7.0,82.04242285497617,-75.84859848493798,239.9334441948903
2017-02-19 20:00:00,12.0,82.04242285497617,-75.84859848493798,239.9334441948903
2017-02-19 21:00:00,6.0,82.04242285497617,-75.84859848493798,239.9334441948903
2017-02-19 22:00:00,8.0,82.04242285497617,-75.84859848493798,239.9334441948903
2017-02-19 23:00:00,5.0,82.04242285497617,-75.84859848493798,239.9334441948903
2017-02-20 00:00:00,5.0,82.04242285497617,-75.84859848493798,239.9334441948903
2017-02-20 01:00:00,3.0,82.04242285497617,-75.84859848493798,239.9334441948903
2017-02-20 02:00:00,6.0,82.04242285497617,-75.84859848493798,239.9334441948903
2017-02-20 03:00:00,3.0,82.04242285497617,-75.84859848493798,239.9334441948903
2017-02-20 04:00:00,4.0,82.04242285497617,-75.84859848493798,239.9334441948903
2017-02-20 05:00:00,8.0,82.04242285497617,-75.84859848493798,239.9334441948903
2017-02-20 06:00:00,6.0,82.04242285497617,-75.84859848493798,239.9334441948903
2017-02-20 07:00:00,3.0,82.04242285497617,-75.84859848493798,239.9334441948903
2017-02-20 08:00:00,5.0,82.04242285497617,-75.84859848493798,239.9334441948903
2017-02-20 09:00:00,3.0,82.04242285497617,-75.84859848493798,239.9334441948903
2017-02-20 10:00:00,8.0,82.04242285497617,-75.84859848493798,239.9334441948903
2017-02-20 11:00:00,9.0,82.04242285497617,-75.84859848493798,239.9334441948903
2017-02-20 12:00:00,8.0,82.04242285497617,-75.84859848493798,239.9334441948903
2017-02-20 13:00:00,7.0,82.04242285497617,-75.84859848493798,239.9334441948903
2017-02-20 14:00:00,12.0,82.04242285497617,-75.84859848493798,239.9334441948903
2017-02-20 15:00:00,11.333333333333334,82.04242285497617,-75.84859848493798,239.9334441948903
2017-02-20 16:00:00,10.666666666666666,82.04242285497617,-75.84859848493798,239.9334441948903
2017-02-20 17:00:00,10.0,82.04242285497617,-75.84859848493798,239.9334441948903
2017-02-20 18:00:00,12.5,82.04242285497617,-75.84859848493798,239.9334441948903
2017-02-20 19:00:00,15.0,82.04242285497617,-75.84859848493798,239.9334441948903
2017-02-20 20:00:00,16.0,82.04242285497617,-75.84859848493798,239.9334441948903
2017-02-20 21:00:00,20.0,82.04242285497617,-75.84859848493798,239.9334441948903
2017-02-20 22:00:00,25.0,82.04242285497617,-75.84859848493798,239.9334441948903
2017-02-20 23:00:00,28.0,82.04242285497617,-75.84859848493798,239.9334441948903
2017-02-21 00:00:00,34.0,82.04242285497617,-75.84859848493798,239.9334441948903
2017-02-21 01:00:00,40.0,82.04242285497617,-75.84859848493798,239.9334441948903
2017-02-21 02:00:00,46.0,82.04242285497617,-75.84859848493798,239.9334441948903
2017-02-21 03:00:00,50.0,82.04242285497617,-75.84859848493798,239.9334441948903
2017-02-21 04:00:00,63.33333333333333,82.04242285497617,-75.84859848493798,239.9334441948903
2017-02-21 05:00:00,76.66666666666666,82.04242285497617,-75.84859848493798,239.9334441948903
2017-02-21 06:00:00,90.0,82.04242285497617,-75.84859848493798,239.9334441948903
2017-02-21 07:00:00,84.66666666666667,82.04242285497617,-75.84859848493798,239.9334441948903
2017-02-21 08:00:00,79.33333333333333,82.04242285497617,-75.84859848493798,239.9334441948903
2017-02-21 09:00:00,74.0,82.04242285497617,-75.84859848493798,239.9334441948903
2017-02-21 10:00:00,102.0,82.04242285497617,-75.84859848493798,239.9334441948903
2017-02-21 11:00:00,96.5,82.04242285497617,-75.84859848493798,239.9334441948903
2017-02-21 12:00:00,91.0,82.04242285497617,-75.84859848493798,239.9334441948903
2017-02-21 13:00:00,66.5,82.04242285497617,-75.84859848493798,239.9334441948903
2017-02-21 14:00:00,42.0,82.04242285497617,-75.84859848493798,239.9334441948903
2017-02-21 15:00:00,40.0,82.04242285497617,-75.84859848493798,239.9334441948903
2017-02-21 16:00:00,28.0,82.04242285497617,-75.84859848493798,239.9334441948903
2017-02-21 17:00:00,21.0,82.04242285497617,-75.84859848493798,239.9334441948903
2017-02-21 18:00:00,29.0,82.04242285497617,-75.84859848493798,239.9334441948903
2017-02-21 19:00:00,31.0,82.04242285497617,-75.84859848493798,239.9334441948903
2017-02-21 20:00:00,47.0,82.04242285497617,-75.84859848493798,239.9334441948903
2017-02-21 21:00:00,67.0,82.04242285497617,-75.84859848493798,239.9334441948903
2017-02-21 22:00:00,60.0,82.04242285497617,-75.84859848493798,239.9334441948903
2017-02-21 23:00:00,62.0,82.04242285497617,-75.84859848493798,239.9334441948903
2017-02-22 00:00:00,55.0,82.04242285497617,-75.84859848493798,239.9334441948903
2017-02-22 01:00:00,70.0,82.04242285497617,-75.84859848493798,239.9334441948903
2017-02-22 02:00:00,81.0,82.04242285497617,-75.84859848493798,239.9334441948903
2017-02-22 03:00:00,88.0,82.04242285497617,-75.84859848493798,239.9334441948903
2017-02-22 04:00:00,86.0,82.04242285497617,-75.84859848493798,239.9334441948903
2017-02-22 05:00:00,86.0,82.04242285497617,-75.84859848493798,239.9334441948903
2017-02-22 06:00:00,91.0,82.04242285497617,-75.84859848493798,239.9334441948903
2017-02-22 07:00:00,95.0,82.04242285497617,-75.84859848493798,239.9334441948903
2017-02-22 08:00:00,95.0,82.04242285497617,-75.84859848493798,239.9334441948903
2017-02-22 09:00:00,108.0,82.04242285497617,-75.84859848493798,239.9334441948903
2017-02-22 10:00:00,114.0,82.04242285497617,-75.84859848493798,239.9334441948903
2017-02-22 11:00:00,131.0,82.04242285497617,-75.84859848493798,239.9334441948903
2017-02-22 12:00:00,142.0,82.04242285497617,-75.84859848493798,239.9334441948903
2017-02-22 13:00:00,139.0,82.04242285497617,-75.84859848493798,239.9334441948903
2017-02-22 14:00:00,147.0,82.04242285497617,-75.84859848493798,239.9334441948903
2017-02-22 15:00:00,145.0,82.04242285497617,-75.84859848493798,239.9334441948903
2017-02-22 16:00:00,131.0,82.04242285497617,-75.84859848493798,239.9334441948903
2017-02-22 17:00:00,28.0,82.04242285497617,-75.84859848493798,239.9334441948903
2017-02-22 18:00:00,11.0,82.04242285497617,-75.84859848493798,239.9334441948903
2017-02-22 19:00:00,10.0,82.04242285497617,-75.84859848493798,239.9334441948903
2017-02-22 20:00:00,14.0,82.04242285497617,-75.84859848493798,239.9334441948903
2017-02-22 21:00:00,14.0,82.04242285497617,-75.84859848493798,239.9334441948903
2017-02-22 22:00:00,15.0,82.04242285497617,-75.84859848493798,239.9334441948903
2017-02-22 23:00:00,12.0,82.04242285497617,-75.84859848493798,239.9334441948903
2017-02-23 00:00:00,13.0,82.04242285497617,-75.84859848493798,239.9334441948903
2017-02-23 01:00:00,15.0,82.04242285497617,-75.84859848493798,239.9334441948903
2017-02-23 02:00:00,11.0,82.04242285497617,-75.84859848493798,239.9334441948903
2017-02-23 03:00:00,12.0,82.04242285497617,-75.84859848493798,239.9334441948903
2017-02-23 04:00:00,15.0,82.04242285497617,-75.84859848493798,239.9334441948903
2017-02-23 05:00:00,13.0,82.04242285497617,-75.84859848493798,239.9334441948903
2017-02-23 06:00:00,13.0,82.04242285497617,-75.84859848493798,239.9334441948903
2017-02-23 07:00:00,11.0,82.04242285497617,-75.84859848493798,239.9334441948903
2017-02-23 08:00:00,15.0,82.04242285497617,-75.84859848493798,239.9334441948903
2017-02-23 09:00:00,12.0,82.04242285497617,-75.84859848493798,239.9334441948903
2017-02-23 10:00:00,11.0,82.04242285497617,-75.84859848493798,239.9334441948903
2017-02-23 11:00:00,13.0,82.04242285497617,-75.84859848493798,239.9334441948903
2017-02-23 12:00:00,13.0,82.04242285497617,-75.84859848493798,239.9334441948903
2017-02-23 13:00:00,12.0,82.04242285497617,-75.84859848493798,239.9334441948903
2017-02-23 14:00:00,3.0,82.04242285497617,-75.84859848493798,239.9334441948903
2017-02-23 15:00:00,18.0,82.04242285497617,-75.84859848493798,239.9334441948903
2017-02-23 16:00:00,31.0,82.04242285497617,-75.84859848493798,239.9334441948903
2017-02-23 17:00:00,23.0,82.04242285497617,-75.84859848493798,239.9334441948903
2017-02-23 18:00:00,10.0,82.04242285497617,-75.84859848493798,239.9334441948903
2017-02-23 19:00:00,6.0,82.04242285497617,-75.84859848493798,239.9334441948903
2017-02-23 20:00:00,33.0,82.04242285497617,-75.84859848493798,239.9334441948903
2017-02-23 21:00:00,26.0,82.04242285497617,-75.84859848493798,239.9334441948903
2017-02-23 22:00:00,30.0,82.04242285497617,-75.84859848493798,239.9334441948903
2017-02-23 23:00:00,45.0,82.04242285497617,-75.84859848493798,239.9334441948903
2017-02-24 00:00:00,46.0,82.04242285497617,-75.84859848493798,239.9334441948903
2017-02-24 01:00:00,48.0,82.04242285497617,-75.84859848493798,239.9334441948903
2017-02-24 02:00:00,36.0,82.04242285497617,-75.84859848493798,239.9334441948903
2017-02-24 03:00:00,36.0,82.04242285497617,-75.84859848493798,239.9334441948903
2017-02-24 04:00:00,28.0,82.04242285497617,-75.84859848493798,239.9334441948903
2017-02-24 05:00:00,23.0,82.04242285497617,-75.84859848493798,239.9334441948903
2017-02-24 06:00:00,16.0,82.04242285497617,-75.84859848493798,239.9334441948903
2017-02-24 07:00:00,20.0,82.04242285497617,-75.84859848493798,239.9334441948903
2017-02-24 08:00:00,20.0,82.04242285497617,-75.84859848493798,239.9334441948903
2017-02-24 09:00:00,26.0,82.04242285497617,-75.84859848493798,239.9334441948903
2017-02-24 10:00:00,23.0,82.04242285497617,-75.84859848493798,239.9334441948903
2017-02-24 11:00:00,22.0,82.04242285497617,-75.84859848493798,239.9334441948903
2017-02-24 12:00:00,21.0,82.04242285497617,-75.84859848493798,239.9334441948903
2017-02-24 13:00:00,16.0,82.04242285497617,-75.84859848493798,239.9334441948903
2017-02-24 14:00:00,16.0,82.04242285497617,-75.84859848493798,239.9334441948903
2017-02-24 15:00:00,18.0,82.04242285497617,-75.84859848493798,239.9334441948903
2017-02-24 16:00:00,11.0,82.04242285497617,-75.84859848493798,239.9334441948903
2017-02-24 17:00:00,11.0,82.04242285497617,-75.84859848493798,239.9334441948903
2017-02-24 18:00:00,9.0,82.04242285497617,-75.84859848493798,239.9334441948903
2017-02-24 19:00:00,11.0,82.04242285497617,-75.84859848493798,239.9334441948903
2017-02-24 20:00:00,10.0,82.04242285497617,-75.84859848493798,239.9334441948903
2017-02-24 21:00:00,14.0,82.04242285497617,-75.84859848493798,239.9334441948903
2017-02-24 22:00:00,18.0,82.04242285497617,-75.84859848493798,239.9334441948903
2017-02-24 23:00:00,18.0,82.04242285497617,-75.84859848493798,239.9334441948903
2017-02-25 00:00:00,12.0,82.04242285497617,-75.84859848493798,239.9334441948903
2017-02-25 01:00:00,7.0,82.04242285497617,-75.84859848493798,239.9334441948903
2017-02-25 02:00:00,11.0,82.04242285497617,-75.84859848493798,239.9334441948903
2017-02-25 03:00:00,7.0,82.04242285497617,-75.84859848493798,239.9334441948903
2017-02-25 04:00:00,13.0,82.04242285497617,-75.84859848493798,239.9334441948903
2017-02-25 05:00:00,13.0,82.04242285497617,-75.84859848493798,239.9334441948903
2017-02-25 06:00:00,3.0,82.04242285497617,-75.84859848493798,239.9334441948903
2017-02-25 07:00:00,11.0,82.04242285497617,-75.84859848493798,239.9334441948903
2017-02-25 08:00:00,5.0,82.04242285497617,-75.84859848493798,239.9334441948903
2017-02-25 09:00:00,7.0,82.04242285497617,-75.84859848493798,239.9334441948903
2017-02-25 10:00:00,17.0,82.04242285497617,-75.84859848493798,239.9334441948903
2017-02-25 11:00:00,9.0,82.04242285497617,-75.84859848493798,239.9334441948903
2017-02-25 12:00:00,12.0,82.04242285497617,-75.84859848493798,239.9334441948903
2017-02-25 13:00:00,7.0,82.04242285497617,-75.84859848493798,239.9334441948903
2017-02-25 14:00:00,10.0,82.04242285497617,-75.84859848493798,239.9334441948903
2017-02-25 15:00:00,8.0,82.04242285497617,-75.84859848493798,239.9334441948903
2017-02-25 16:00:00,9.0,82.04242285497617,-75.84859848493798,239.9334441948903
2017-02-25 17:00:00,11.0,82.04242285497617,-75.84859848493798,239.9334441948903
2017-02-25 18:00:00,14.0,82.04242285497617,-75.84859848493798,239.9334441948903
2017-02-25 19:00:00,14.0,82.04242285497617,-75.84859848493798,239.9334441948903
2017-02-25 20:00:00,17.0,82.04242285497617,-75.84859848493798,239.9334441948903
2017-02-25 21:00:00,12.0,82.04242285497617,-75.84859848493798,239.9334441948903
2017-02-25 22:00:00,25.0,82.04242285497617,-75.84859848493798,239.9334441948903
2017-02-25 23:00:00,15.0,82.04242285497617,-75.84859848493798,239.9334441948903
2017-02-26 00:00:00,24.0,82.04242285497617,-75.84859848493798,239.9334441948903
2017-02-26 01:00:00,22.0,82.04242285497617,-75.84859848493798,239.9334441948903
2017-02-26 02:00:00,19.0,82.04242285497617,-75.84859848493798,239.9334441948903
2017-02-26 03:00:00,18.0,82.04242285497617,-75.84859848493798,239.9334441948903
2017-02-26 04:00:00,18.0,82.04242285497617,-75.84859848493798,239.9334441948903
2017-02-26 05:00:00,25.0,82.04242285497617,-75.84859848493798,239.9334441948903
2017-02-26 06:00:00,30.0,82.04242285497617,-75.84859848493798,239.9334441948903
2017-02-26 07:00:00,32.0,82.04242285497617,-75.84859848493798,239.9334441948903
2017-02-26 08:00:00,30.0,82.04242285497617,-75.84859848493798,239.9334441948903
2017-02-26 09:00:00,19.0,82.04242285497617,-75.84859848493798,239.9334441948903
2017-02-26 10:00:00,20.0,82.04242285497617,-75.84859848493798,239.9334441948903
2017-02-26 11:00:00,31.0,82.04242285497617,-75.84859848493798,239.9334441948903
2017-02-26 12:00:00,26.0,82.04242285497617,-75.84859848493798,239.9334441948903
2017-02-26 13:00:00,23.0,82.04242285497617,-75.84859848493798,239.9334441948903
2017-02-26 14:00:00,24.0,82.04242285497617,-75.84859848493798,239.9334441948903
2017-02-26 15:00:00,24.0,82.04242285497617,-75.84859848493798,239.9334441948903
2017-02-26 16:00:00,26.0,82.04242285497617,-75.84859848493798,239.9334441948903
2017-02-26 17:00:00,29.0,82.04242285497617,-75.84859848493798,239.9334441948903
2017-02-26 18:00:00,30.0,82.04242285497617,-75.84859848493798,239.9334441948903
2017-02-26 19:00:00,30.0,82.04242285497617,-75.84859848493798,239.9334441948903
2017-02-26 20:00:00,36.0,82.04242285497617,-75.84859848493798,239.9334441948903
2017-02-26 21:00:00,42.0,82.04242285497617,-75.84859848493798,239.9334441948903
2017-02-26 22:00:00,51.0,82.04242285497617,-75.84859848493798,239.9334441948903
2017-02-26 23:00:00,46.0,82.04242285497617,-75.84859848493798,239.9334441948903
2017-02-27 00:00:00,38.0,82.04242285497617,-75.84859848493798,239.9334441948903
2017-02-27 01:00:00,55.0,82.04242285497617,-75.84859848493798,239.9334441948903
2017-02-27 02:00:00,77.0,82.04242285497617,-75.84859848493798,239.9334441948903
2017-02-27 03:00:00,85.0,82.04242285497617,-75.84859848493798,239.9334441948903
2017-02-27 04:00:00,94.0,82.04242285497617,-75.84859848493798,239.9334441948903
2017-02-27 05:00:00,96.0,82.04242285497617,-75.84859848493798,239.9334441948903
2017-02-27 06:00:00,80.0,82.04242285497617,-75.84859848493798,239.9334441948903
2017-02-27 07:00:00,73.0,82.04242285497617,-75.84859848493798,239.9334441948903
2017-02-27 08:00:00,61.0,82.04242285497617,-75.84859848493798,239.9334441948903
2017-02-27 09:00:00,52.0,82.04242285497617,-75.84859848493798,239.9334441948903
2017-02-27 10:00:00,89.0,82.04242285497617,-75.84859848493798,239.9334441948903
2017-02-27 11:00:00,122.0,82.04242285497617,-75.84859848493798,239.9334441948903
2017-02-27 12:00:00,115.66666666666667,82.04242285497617,-75.84859848493798,239.9334441948903
2017-02-27 13:00:00,109.33333333333333,82.04242285497617,-75.84859848493798,239.9334441948903
2017-02-27 14:00:00,103.0,82.04242285497617,-75.84859848493798,239.9334441948903
2017-02-27 15:00:00,95.0,82.04242285497617,-75.84859848493798,239.9334441948903
2017-02-27 16:00:00,75.0,82.04242285497617,-75.84859848493798,239.9334441948903
2017-02-27 17:00:00,58.0,82.04242285497617,-75.84859848493798,239.9334441948903
2017-02-27 18:00:00,47.0,82.04242285497617,-75.84859848493798,239.9334441948903
2017-02-27 19:00:00,51.0,82.04242285497617,-75.84859848493798,239.9334441948903
2017-02-27 20:00:00,51.0,82.04242285497617,-75.84859848493798,239.9334441948903
2017-02-27 21:00:00,53.0,82.04242285497617,-75.84859848493798,239.9334441948903
2017-02-27 22:00:00,58.0,82.04242285497617,-75.84859848493798,239.9334441948903
2017-02-27 23:00:00,70.0,82.04242285497617,-75.84859848493798,239.9334441948903
2017-02-28 00:00:00,56.0,82.04242285497617,-75.84859848493798,239.9334441948903
2017-02-28 01:00:00,15.0,82.04242285497617,-75.84859848493798,239.9334441948903
2017-02-28 02:00:00,9.0,82.04242285497617,-75.84859848493798,239.9334441948903
2017-02-28 03:00:00,7.0,82.04242285497617,-75.84859848493798,239.9334441948903
2017-02-28 04:00:00,13.0,82.04242285497617,-75.84859848493798,239.9334441948903
2017-02-28 05:00:00,12.0,82.04242285497617,-75.84859848493798,239.9334441948903
2017-02-28 06:00:00,9.0,82.04242285497617,-75.84859848493798,239.9334441948903
2017-02-28 07:00:00,11.0,82.04242285497617,-75.84859848493798,239.9334441948903
2017-02-28 08:00:00,13.0,82.04242285497617,-75.84859848493798,239.9334441948903
2017-02-28 09:00:00,12.0,82.04242285497617,-75.84859848493798,239.9334441948903
2017-02-28 10:00:00,11.0,82.04242285497617,-75.84859848493798,239.9334441948903
2017-02-28 11:00:00,7.0,82.04242285497617,-75.84859848493798,239.9334441948903
2017-02-28 12:00:00,6.0,82.04242285497617,-75.84859848493798,239.9334441948903
2017-02-28 13:00:00,6.0,82.04242285497617,-75.84859848493798,239.9334441948903
2017-02-28 14:00:00,5.0,82.04242285497617,-75.84859848493798,239.9334441948903
2017-02-28 15:00:00,6.0,82.04242285497617,-75.84859848493798,239.9334441948903
2017-02-28 16:00:00,12.0,82.04242285497617,-75.84859848493798,239.9334441948903
2017-02-28 17:00:00,12.0,82.04242285497617,-75.84859848493798,239.9334441948903
2017-02-28 18:00:00,13.0,82.04242285497617,-75.84859848493798,239.9334441948903
2017-02-28 19:00:00,12.0,82.04242285497617,-75.84859848493798,239.9334441948903
2017-02-28 20:00:00,13.0,82.04242285497617,-75.84859848493798,239.9334441948903
2017-02-28 21:00:00,16.0,82.04242285497617,-75.84859848493798,239.9334441948903
2017-02-28 22:00:00,21.0,82.04242285497617,-75.84859848493798,239.9334441948903
2017-02-28 23:00:00,19.0,82.04242285497617,-75.84859848493798,239.9334441948903
